Date,Bagalakote,Ballari,Belagavi,Bengaluru Rural,Bengaluru Urban,Bidar,Chamarajanagara,Chikkaballapura,Chikkamagaluru,Chitradurga,Dakshina Kannada,Davanagere,Dharwad,Gadag,Hassan,Haveri,Kalaburagi,Kodagu,Kolar,Koppal,Mandya,Mysuru,Raichur,Ramanagara,Shivamogga,Tumakuru,Udupi,Uttara Kannada,Vijayapura,Yadgiri,Others,Total
22-03-2020,0,0,0,0,0,0,0,0,0,0,0,0,0,0,0,0,1,0,0,0,0,0,0,0,0,0,0,0,0,0,0,1
23-03-2020,0,0,0,0,0,0,0,0,0,0,0,0,0,0,0,0,1,0,0,0,0,0,0,0,0,0,0,0,0,0,0,1
24-03-2020,0,0,0,0,0,0,0,0,0,0,0,0,0,0,0,0,1,0,0,0,0,0,0,0,0,0,0,0,0,0,0,1
25-03-2020,0,0,0,0,0,0,0,0,0,0,0,0,0,0,0,0,1,0,0,0,0,0,0,0,0,0,0,0,0,0,0,1
26-03-2020,0,0,0,0,1,0,0,0,0,0,0,0,0,0,0,0,1,0,0,0,0,0,0,0,0,0,0,0,0,0,0,2
27-03-2020,0,0,0,0,1,0,0,0,0,0,0,0,0,0,0,0,1,0,0,0,0,0,0,0,0,1,0,0,0,0,0,3
28-03-2020,0,0,0,0,1,0,0,0,0,0,0,0,0,0,0,0,1,0,0,0,0,0,0,0,0,1,0,0,0,0,0,3
29-03-2020,0,0,0,0,1,0,0,0,0,0,0,0,0,0,0,0,1,0,0,0,0,0,0,0,0,1,0,0,0,0,0,3
30-03-2020,0,0,0,0,1,0,0,0,0,0,0,0,0,0,0,0,1,0,0,0,0,0,0,0,0,1,0,0,0,0,0,3
31-03-2020,0,0,0,0,1,0,0,0,0,0,0,0,0,0,0,0,1,0,0,0,0,0,0,0,0,1,0,0,0,0,0,3
01-04-2020,0,0,0,0,1,0,0,0,0,0,0,0,0,0,0,0,1,0,0,0,0,0,0,0,0,1,0,0,0,0,0,3
02-04-2020,0,0,0,0,1,0,0,0,0,0,0,0,0,0,0,0,1,0,0,0,0,0,0,0,0,1,0,0,0,0,0,3
03-04-2020,0,0,0,0,1,0,0,0,0,0,0,0,0,0,0,0,1,0,0,0,0,0,0,0,0,1,0,0,0,0,0,3
04-04-2020,1,0,0,0,1,0,0,0,0,0,0,0,0,0,0,0,1,0,0,0,0,0,0,0,0,1,0,0,0,0,0,4
05-04-2020,1,0,0,0,1,0,0,0,0,0,0,0,0,0,0,0,1,0,0,0,0,0,0,0,0,1,0,0,0,0,0,4
06-04-2020,1,0,0,0,1,0,0,0,0,0,0,0,0,0,0,0,1,0,0,0,0,0,0,0,0,1,0,0,0,0,0,4
07-04-2020,1,0,0,0,1,0,0,0,0,0,0,0,0,0,0,0,1,0,0,0,0,0,0,0,0,1,0,0,0,0,0,4
08-04-2020,1,0,0,0,1,0,0,0,0,0,0,0,0,0,0,0,2,0,0,0,0,0,0,0,0,1,0,0,0,0,0,5
09-04-2020,1,0,0,0,1,0,0,0,0,0,0,0,0,1,0,0,2,0,0,0,0,0,0,0,0,1,0,0,0,0,0,6
10-04-2020,1,0,0,0,1,0,0,0,0,0,0,0,0,1,0,0,2,0,0,0,0,0,0,0,0,1,0,0,0,0,0,6
11-04-2020,1,0,0,0,1,0,0,0,0,0,0,0,0,1,0,0,2,0,0,0,0,0,0,0,0,1,0,0,0,0,0,6
12-04-2020,1,0,0,0,1,0,0,0,0,0,0,0,0,1,0,0,2,0,0,0,0,0,0,0,0,1,0,0,0,0,0,6
13-04-2020,1,0,0,0,1,0,0,0,0,0,0,0,0,1,0,0,2,0,0,0,0,0,0,0,0,1,0,0,0,0,0,6
14-04-2020,1,0,0,0,2,0,0,1,0,0,0,0,0,1,0,0,3,0,0,0,0,0,0,0,0,1,0,0,1,0,0,10
15-04-2020,1,0,1,0,2,0,0,2,0,0,0,0,0,1,0,0,3,0,0,0,0,0,0,0,0,1,0,0,1,0,0,12
16-04-2020,1,0,1,0,3,0,0,2,0,0,0,0,0,1,0,0,3,0,0,0,0,0,0,0,0,1,0,0,1,0,0,13
17-04-2020,1,0,1,0,3,0,0,2,0,0,0,0,0,1,0,0,3,0,0,0,0,0,0,0,0,1,0,0,1,0,0,13
18-04-2020,1,0,1,0,3,0,0,2,0,0,0,0,0,1,0,0,3,0,0,0,0,0,0,0,0,1,0,0,2,0,0,14
19-04-2020,1,0,1,0,4,0,0,2,0,0,1,0,0,1,0,0,3,0,0,0,0,0,0,0,0,1,0,0,2,0,0,16
20-04-2020,1,0,1,0,4,0,0,2,0,0,1,0,0,1,0,0,3,0,0,0,0,0,0,0,0,1,0,0,2,0,0,16
21-04-2020,1,0,1,0,4,0,0,2,0,0,1,0,0,1,0,0,4,0,0,0,0,0,0,0,0,1,0,0,2,0,0,17
22-04-2020,1,0,1,0,4,0,0,2,0,0,1,0,0,1,0,0,4,0,0,0,0,0,0,0,0,1,0,0,2,0,0,17
23-04-2020,1,0,1,0,4,0,0,2,0,0,1,0,0,1,0,0,4,0,0,0,0,0,0,0,0,1,0,0,2,0,0,17
24-04-2020,1,0,1,0,4,0,0,2,0,0,2,0,0,1,0,0,4,0,0,0,0,0,0,0,0,1,0,0,2,0,0,18
25-04-2020,1,0,1,0,4,0,0,2,0,0,2,0,0,1,0,0,4,0,0,0,0,0,0,0,0,1,0,0,2,0,0,18
26-04-2020,1,0,1,0,5,0,0,2,0,0,2,0,0,1,0,0,4,0,0,0,0,0,0,0,0,1,0,0,2,0,0,19
27-04-2020,1,0,1,0,5,0,0,2,0,0,2,0,0,1,0,0,4,0,0,0,0,0,0,0,0,1,0,0,2,0,0,19
28-04-2020,1,0,1,0,5,0,0,2,0,0,2,0,0,1,0,0,5,0,0,0,0,0,0,0,0,1,0,0,2,0,0,20
29-04-2020,1,0,1,0,5,0,0,2,0,0,2,0,0,1,0,0,5,0,0,0,0,0,0,0,0,2,0,0,2,0,0,21
30-04-2020,1,0,1,0,5,0,0,2,0,0,2,0,0,1,0,0,5,0,0,0,0,0,0,0,0,2,0,0,2,0,0,21
01-05-2020,1,0,1,0,5,0,0,2,0,0,3,0,0,1,0,0,5,0,0,0,0,0,0,0,0,2,0,0,2,0,0,22
02-05-2020,1,0,1,0,6,1,0,2,0,0,3,1,0,1,0,0,5,0,0,0,0,0,0,0,0,2,0,0,2,0,0,25
03-05-2020,1,0,1,0,6,1,0,2,0,0,3,1,0,1,0,0,5,0,0,0,0,0,0,0,0,2,0,0,2,0,0,25
04-05-2020,1,0,1,0,6,1,0,2,0,0,3,2,0,1,0,0,6,0,0,0,0,0,0,0,0,2,0,0,2,0,0,27
05-05-2020,1,0,1,0,6,1,0,2,0,0,3,3,0,1,0,0,6,0,0,0,0,0,0,0,0,2,0,0,3,0,0,29
06-05-2020,1,0,1,0,6,1,0,2,0,0,3,3,0,1,0,0,6,0,0,0,0,0,0,0,0,2,0,0,3,0,0,29
07-05-2020,1,0,1,0,6,1,0,2,0,0,3,3,0,1,0,0,6,0,0,0,0,0,0,0,0,2,0,0,3,0,0,30
08-05-2020,1,0,1,0,6,1,0,2,0,0,3,4,0,1,0,0,6,0,0,0,0,0,0,0,0,2,0,0,3,0,0,30
09-05-2020,1,0,1,0,6,1,0,2,0,0,3,4,0,1,0,0,6,0,0,0,0,0,0,0,0,2,0,0,3,0,0,30
10-05-2020,1,0,1,0,7,1,0,2,0,0,3,4,0,1,0,0,6,0,0,0,0,0,0,0,0,2,0,0,3,0,0,31
11-05-2020,1,0,1,0,7,1,0,2,0,0,3,4,0,1,0,0,6,0,0,0,0,0,0,0,0,2,0,0,3,0,0,31
12-05-2020,1,0,1,0,7,1,0,2,0,0,3,4,0,1,0,0,6,0,0,0,0,0,0,0,0,2,0,0,3,0,0,31
13-05-2020,1,0,1,0,7,1,0,2,0,0,4,4,0,1,0,0,7,0,0,0,0,0,0,0,0,2,0,0,3,0,0,33
14-05-2020,1,0,1,0,8,1,0,2,0,0,5,4,0,1,0,0,7,0,0,0,0,0,0,0,0,2,0,0,3,0,0,35
15-05-2020,1,0,1,0,7,2,0,2,0,0,5,4,0,1,0,0,7,0,0,0,0,0,0,0,0,2,0,0,3,0,1,36
16-05-2020,1,0,1,0,7,2,0,2,0,0,5,4,0,1,0,0,7,0,0,0,0,0,0,0,0,2,0,0,3,0,1,36
17-05-2020,1,0,1,0,7,2,0,2,0,0,5,4,0,1,0,0,7,0,0,0,0,0,0,0,0,2,1,0,3,0,1,37
18-05-2020,1,0,1,0,7,2,0,2,0,0,5,4,0,1,0,0,7,0,0,0,0,0,0,0,0,2,1,0,3,0,1,37
19-05-2020,1,1,1,0,8,2,0,2,0,0,5,4,0,1,0,0,7,0,0,0,0,0,0,0,0,2,1,0,4,0,1,40
20-05-2020,1,1,1,0,9,2,0,2,0,0,5,4,0,1,0,0,7,0,0,0,0,0,0,0,0,2,1,0,4,0,1,41
21-05-2020,1,1,1,0,9,2,0,2,0,0,5,4,0,1,0,0,7,0,0,0,0,0,0,0,0,2,1,0,4,0,1,41
22-05-2020,1,1,1,0,9,2,0,2,0,0,5,4,0,1,0,0,7,0,0,0,0,0,0,0,0,2,1,0,4,0,1,41
23-05-2020,1,1,1,0,9,2,0,2,0,0,6,4,0,1,0,0,7,0,0,0,0,0,0,0,0,2,1,0,4,0,1,42
24-05-2020,1,1,1,0,9,2,0,2,0,0,6,4,0,1,0,0,7,0,0,0,0,0,0,0,0,2,1,0,4,0,1,42
25-05-2020,1,1,1,1,9,2,0,2,0,0,7,4,0,1,0,0,7,0,0,0,0,0,0,0,0,2,1,0,4,0,1,44
26-05-2020,1,1,1,1,9,2,0,2,0,0,7,4,0,1,0,0,7,0,0,0,0,0,0,0,0,2,1,0,4,0,1,44
27-05-2020,1,1,1,1,10,3,0,2,0,0,6,4,0,1,0,0,7,0,0,0,0,0,0,0,0,2,1,0,5,1,1,47
28-05-2020,1,1,1,1,10,3,0,2,0,0,6,4,0,1,0,0,7,0,0,0,0,0,0,0,0,2,1,0,5,1,1,47
29-05-2020,1,1,1,1,10,3,0,3,0,0,6,4,0,1,0,0,7,0,0,0,0,0,0,0,0,2,1,0,5,1,1,48
30-05-2020,1,1,1,1,10,4,0,3,0,0,6,4,0,1,0,0,7,0,0,0,0,0,0,0,0,2,1,0,5,1,1,49
31-05-2020,1,1,1,1,10,5,0,3,0,0,6,4,0,1,0,0,7,0,0,0,0,0,1,0,0,2,1,0,5,1,1,51
01-06-2020,1,1,1,1,11,5,0,3,0,0,6,4,0,1,0,0,7,0,0,0,0,0,1,0,0,2,1,0,5,1,1,52
02-06-2020,1,1,1,1,11,5,0,3,0,0,6,4,0,1,0,0,7,0,0,0,0,0,1,0,0,2,1,0,5,1,1,52
03-06-2020,1,1,1,1,11,5,0,3,0,0,6,5,0,1,0,0,7,0,0,0,0,0,1,0,0,2,1,0,5,1,1,53
04-06-2020,1,1,1,1,13,5,0,3,0,0,6,6,0,2,0,0,7,0,0,0,0,0,1,0,0,2,1,0,5,1,1,57
05-06-2020,1,1,1,1,13,5,0,3,0,0,6,6,0,2,0,0,7,0,0,0,0,0,1,0,0,2,1,0,5,1,1,57
06-06-2020,1,1,1,1,13,6,0,3,0,0,6,6,0,2,0,0,7,0,0,0,0,0,1,0,0,2,1,0,6,1,1,59
07-06-2020,1,1,1,1,15,6,0,3,0,0,6,6,0,2,0,0,7,0,0,0,0,0,1,0,0,2,1,0,6,1,1,61
08-06-2020,1,1,1,1,18,6,0,3,0,0,6,6,0,2,0,0,7,0,0,0,0,0,1,0,0,2,1,0,6,1,1,64
09-06-2020,1,1,1,1,19,6,0,3,0,0,6,6,0,2,0,0,8,0,0,0,0,0,1,0,0,2,1,0,6,1,1,66
10-06-2020,1,1,1,1,21,6,0,3,0,0,6,6,1,2,0,0,8,0,0,0,0,0,1,0,0,2,1,0,6,1,1,69
11-06-2020,1,1,1,1,23,6,0,3,0,0,6,6,1,2,0,0,8,0,0,0,0,0,2,0,0,2,1,0,6,1,1,72
12-06-2020,1,1,1,1,27,6,0,3,0,0,6,6,1,2,1,0,10,0,0,0,0,0,2,0,0,2,1,0,6,1,1,79
13-06-2020,1,1,1,1,29,6,0,2,0,0,6,6,2,2,1,0,10,0,0,0,0,0,2,0,0,2,1,0,6,1,1,81
14-06-2020,1,1,1,1,32,6,0,2,0,0,7,6,2,2,1,0,10,0,0,0,0,0,2,0,0,2,1,0,6,1,2,86
15-06-2020,1,1,1,1,33,6,0,2,0,0,7,6,3,2,1,0,10,0,0,0,0,0,2,0,0,2,1,0,6,1,2,88
16-06-2020,1,1,1,1,38,7,0,2,0,0,6,6,3,2,1,0,10,0,0,0,0,0,2,1,0,2,1,0,6,1,2,94
17-06-2020,1,2,1,1,43,8,0,2,0,0,6,6,3,2,1,0,10,0,0,0,0,0,2,1,1,2,1,0,6,1,2,102
18-06-2020,1,2,1,1,51,9,0,2,0,0,6,6,3,2,1,0,11,0,0,1,0,0,2,1,1,2,1,0,7,1,2,114
19-06-2020,1,2,1,1,58,11,0,2,0,0,6,6,3,2,1,0,11,0,0,1,0,0,2,1,1,2,1,0,8,1,2,124
20-06-2020,1,2,1,1,61,13,0,2,1,0,6,7,3,2,1,0,11,0,0,1,0,0,2,1,1,2,2,0,7,1,3,132
21-06-2020,1,2,1,1,64,15,0,2,1,0,6,7,3,2,1,0,11,0,0,1,0,0,2,1,1,2,2,0,7,1,3,137
22-06-2020,1,3,1,1,67,15,0,2,1,0,6,7,3,2,1,0,11,0,0,1,0,0,2,2,1,2,2,0,7,1,3,142
23-06-2020,1,4,1,1,73,15,0,2,1,0,7,7,3,2,1,0,11,0,0,1,0,0,2,2,1,2,2,0,7,1,3,150
24-06-2020,1,8,1,1,78,15,0,2,1,0,7,7,3,2,1,0,13,0,0,1,0,0,2,4,1,3,2,0,7,1,3,164
25-06-2020,1,8,1,4,78,15,0,2,1,0,8,7,3,2,1,0,14,0,0,1,0,1,2,4,1,3,2,0,7,1,3,170
26-06-2020,2,9,1,4,81,16,0,2,1,0,8,7,4,2,1,0,15,0,1,1,0,1,2,4,2,3,2,0,7,1,3,180
27-06-2020,2,10,1,4,84,19,0,2,1,0,8,7,5,3,1,0,17,0,1,1,0,1,2,4,2,3,2,0,7,1,3,191
28-06-2020,4,11,1,4,88,19,0,2,1,0,11,7,6,3,2,0,18,0,1,1,0,2,2,4,2,5,2,0,7,1,3,207
29-06-2020,5,23,1,4,91,19,0,2,1,0,12,7,6,3,3,0,18,0,1,1,0,2,2,5,2,5,2,0,7,1,3,226
30-06-2020,5,29,2,4,95,19,0,2,1,0,12,8,8,3,3,2,18,0,2,1,0,3,2,5,2,5,2,0,9,1,3,246
01-07-2020,5,29,3,4,97,21,0,2,1,0,13,8,8,3,4,2,18,0,2,1,0,3,2,5,2,5,2,0,9,1,3,253
02-07-2020,5,33,4,4,100,21,0,2,1,0,16,8,8,4,5,2,19,0,2,2,0,4,2,5,2,6,3,1,9,1,3,272
03-07-2020,5,34,4,5,105,22,0,5,1,0,16,9,8,4,6,2,22,0,2,2,0,4,3,5,4,6,3,1,11,1,3,293
04-07-2020,5,34,4,6,129,28,0,5,1,0,20,9,11,4,7,2,25,0,2,2,0,4,3,5,4,6,3,1,11,1,3,335
05-07-2020,5,35,6,6,145,37,0,6,1,0,20,11,12,4,8,2,27,0,2,2,0,5,3,5,4,7,3,1,11,1,3,372
06-07-2020,6,36,6,6,155,44,0,7,1,0,22,12,12,4,9,2,27,1,2,2,0,8,3,5,4,8,3,1,11,1,3,401
07-07-2020,7,36,7,6,155,48,0,7,1,0,22,13,13,4,10,2,29,1,2,2,0,12,3,5,4,8,3,1,11,1,3,416
08-07-2020,7,40,7,7,177,49,0,9,2,0,23,13,20,4,13,2,30,1,2,2,0,14,6,7,4,10,3,1,13,1,3,470
09-07-2020,7,40,7,7,177,49,0,9,2,0,23,14,27,4,15,2,32,1,2,2,0,16,6,7,4,11,3,2,13,1,3,486
10-07-2020,7,41,7,7,206,52,0,11,3,0,31,14,29,6,15,3,34,1,2,2,0,20,7,7,4,11,3,3,13,1,3,543
11-07-2020,9,42,9,7,229,53,0,13,3,0,36,17,32,9,17,4,36,1,2,4,0,28,8,8,7,13,3,4,15,1,3,613
12-07-2020,11,42,12,7,274,53,1,13,3,0,41,20,33,9,20,6,36,1,2,5,0,31,8,8,7,14,3,4,16,1,3,684
13-07-2020,13,42,14,7,321,53,1,13,3,0,41,21,38,10,21,7,36,3,2,5,0,37,8,8,10,15,3,5,16,1,3,757
14-07-2020,17,47,14,7,377,51,3,13,6,0,45,22,39,10,22,7,37,3,2,5,0,41,10,8,10,15,3,5,19,1,3,842
15-07-2020,20,47,14,7,437,51,3,15,7,1,45,22,44,9,22,7,37,3,2,5,1,47,12,9,11,16,3,8,19,1,3,928
16-07-2020,25,51,17,7,507,53,3,15,7,1,52,22,44,9,24,7,38,3,8,5,2,50,12,9,11,16,3,8,19,1,3,1032
17-07-2020,26,54,21,7,582,53,3,16,7,1,53,24,52,10,24,7,38,4,9,5,4,57,13,9,11,17,6,10,20,1,3,1147
18-07-2020,29,57,24,7,631,54,3,17,7,1,60,27,58,10,24,9,43,5,9,5,5,59,13,9,12,20,8,10,20,1,3,1240
19-07-2020,31,60,26,7,667,57,3,17,8,1,61,29,62,14,26,11,46,5,14,9,7,70,13,9,12,22,9,10,21,1,3,1331
20-07-2020,34,62,26,7,698,61,3,17,9,3,68,30,68,14,27,12,48,5,14,11,7,75,13,9,13,23,10,10,22,1,3,1403
21-07-2020,34,62,30,7,720,63,4,18,10,3,73,30,73,15,30,15,48,5,18,11,7,80,13,9,13,26,10,10,23,1,3,1464
22-07-2020,36,62,30,7,735,66,5,20,12,3,76,30,78,15,33,19,49,5,19,11,7,85,15,9,13,28,11,13,23,1,3,1519
23-07-2020,36,67,34,7,783,69,5,23,14,3,83,30,80,17,35,20,49,5,19,11,9,93,17,10,15,30,11,13,24,1,3,1616
24-07-2020,36,69,35,9,833,67,6,26,17,6,89,32,85,19,37,21,54,5,20,13,9,99,18,10,18,35,14,14,24,1,3,1724
25-07-2020,36,69,40,9,862,67,6,28,17,6,97,33,89,20,39,23,58,5,20,15,9,107,18,10,20,36,14,14,24,2,3,1796
26-07-2020,38,69,46,9,891,67,6,30,18,6,104,36,95,22,42,23,64,5,20,15,10,112,18,10,21,41,14,16,25,2,3,1878
27-07-2020,40,72,52,10,917,68,6,30,19,6,113,37,103,23,43,24,66,5,22,16,10,115,20,10,22,41,14,17,27,2,3,1953
28-07-2020,42,72,58,10,957,70,6,33,20,6,116,41,109,25,48,24,72,6,23,17,10,123,21,10,22,42,21,18,28,2,3,2055
29-07-2020,44,74,61,10,987,71,6,34,20,6,123,45,116,28,52,24,82,6,23,18,10,128,23,10,22,45,25,20,29,2,3,2147
30-07-2020,46,74,65,10,1009,73,6,34,21,6,130,46,124,29,58,25,89,6,25,19,10,137,23,10,23,46,29,22,29,3,3,2230
31-07-2020,47,74,70,10,1029,75,7,34,21,6,140,48,131,32,59,25,95,9,25,19,10,142,25,11,27,50,29,23,34,4,3,2314
01-08-2020,47,75,74,10,1056,79,7,35,21,9,148,52,139,34,61,25,100,9,25,21,11,151,25,11,31,52,35,24,35,7,3,2412
02-08-2020,49,77,75,10,1077,79,9,36,22,9,158,55,147,37,63,25,106,9,25,23,14,161,27,11,35,52,35,24,36,7,3,2496
03-08-2020,49,79,85,10,1104,82,10,38,22,9,165,57,155,39,68,27,111,9,25,23,14,174,28,11,35,55,36,25,38,8,3,2594
04-08-2020,50,84,86,10,1134,85,13,40,24,12,178,62,163,40,70,28,113,9,25,24,16,183,30,11,39,56,42,25,39,10,3,2704
05-08-2020,50,84,90,10,1163,87,13,40,25,12,188,68,164,41,72,30,117,10,29,27,19,194,32,11,45,60,44,25,39,12,3,2804
06-08-2020,51,88,91,10,1178,90,14,41,25,12,199,76,172,43,76,31,122,10,33,27,20,198,34,11,48,65,50,26,40,13,3,2897
07-08-2020,51,93,93,10,1200,91,15,42,27,12,206,78,181,45,85,32,129,10,36,30,20,213,36,11,49,65,55,26,40,14,3,2998
08-08-2020,51,102,94,10,1218,93,18,42,29,12,212,80,187,46,91,34,136,11,36,31,21,223,38,13,50,67,60,26,41,16,3,3091
09-08-2020,51,111,94,10,1240,97,20,42,31,14,218,89,193,47,98,35,140,11,44,33,22,235,40,13,52,71,60,26,41,17,3,3198
10-08-2020,52,118,97,10,1276,98,21,43,31,14,226,100,197,49,104,38,141,11,44,39,24,240,40,15,55,76,66,26,41,17,3,3312
11-08-2020,53,122,101,10,1293,100,22,45,34,14,235,104,206,51,107,41,142,11,44,42,26,251,42,15,55,77,66,26,43,17,3,3398
12-08-2020,53,130,107,10,1316,103,25,47,36,14,242,110,208,52,113,42,145,11,46,44,29,262,46,15,59,83,69,26,45,19,3,3510
13-08-2020,54,139,113,10,1338,103,26,48,38,14,248,113,214,52,115,45,154,11,46,49,31,274,49,17,59,86,70,28,47,19,3,3613
14-08-2020,54,148,118,10,1360,104,28,48,39,14,254,120,222,53,117,47,159,11,46,54,32,284,51,17,62,88,77,29,49,19,3,3717
15-08-2020,54,154,118,17,1395,107,29,49,43,14,260,125,229,55,121,49,161,11,46,56,33,294,54,17,67,90,79,30,51,20,3,3831
16-08-2020,54,163,121,17,1444,108,21,50,47,14,267,128,234,57,123,51,163,11,46,59,36,304,57,17,69,95,79,32,54,23,3,3947
17-08-2020,55,169,130,17,1483,108,21,50,49,14,275,128,239,57,132,55,170,12,46,63,37,309,60,17,73,97,80,33,57,23,3,4062
18-08-2020,56,178,137,20,1532,116,22,50,49,14,284,129,249,59,139,58,172,12,46,64,39,315,64,17,76,101,80,34,60,26,3,4201
19-08-2020,56,187,140,21,1588,119,22,50,50,14,288,136,258,61,139,61,175,12,46,72,39,320,66,17,78,106,80,35,62,26,3,4327
20-08-2020,56,195,144,21,1613,119,24,53,53,14,294,141,258,62,146,65,179,14,47,79,39,320,68,17,82,107,82,38,66,30,3,4429
21-08-2020,56,204,151,21,1635,123,24,53,55,14,299,148,261,63,148,69,186,16,49,84,40,320,71,17,82,110,82,38,70,30,3,4522
22-08-2020,57,211,154,21,1663,127,26,53,56,14,303,153,268,65,149,69,188,16,49,90,42,320,74,17,86,116,82,39,73,31,3,4615
23-08-2020,58,218,156,21,1668,127,27,55,56,17,308,155,271,65,152,73,190,16,51,95,44,320,76,17,90,121,84,40,77,32,3,4683
24-08-2020,61,224,161,21,1694,128,26,57,59,17,314,162,273,66,158,79,192,16,51,102,45,345,78,20,90,125,88,41,81,33,3,4810
25-08-2020,61,230,163,22,1755,128,28,57,60,20,317,167,281,67,160,84,195,16,53,108,47,361,78,21,95,129,90,44,85,33,3,4958
26-08-2020,66,237,168,24,1786,130,30,59,61,20,328,172,289,69,164,86,195,16,56,114,49,381,80,21,96,132,91,45,88,35,3,5091
27-08-2020,69,243,173,27,1845,133,33,59,61,20,335,172,289,71,167,91,198,17,56,119,51,399,81,23,96,135,92,48,91,35,3,5232
28-08-2020,72,248,177,27,1886,133,33,60,65,20,341,178,298,74,168,91,200,18,59,122,53,416,82,24,103,139,94,51,95,38,3,5368
29-08-2020,73,252,180,27,1911,133,33,60,68,20,348,181,307,75,174,100,204,19,62,125,56,427,84,25,108,144,94,52,99,39,3,5483
30-08-2020,73,255,184,29,1938,134,34,62,70,22,354,185,316,78,175,103,206,21,62,128,58,438,86,27,113,146,94,52,103,40,3,5589
31-08-2020,74,260,189,30,1965,135,36,63,72,22,366,191,325,79,177,108,210,21,63,129,62,444,88,29,117,149,96,53,106,40,3,5702
01-09-2020,76,264,196,32,2005,135,37,65,74,22,373,195,327,81,188,110,214,21,64,133,63,456,91,30,127,152,98,54,110,41,3,5837
02-09-2020,76,269,197,32,2037,136,38,65,78,25,379,196,337,84,192,112,219,21,64,135,65,467,94,31,134,155,101,54,113,41,3,5950
03-09-2020,77,273,197,39,2066,136,38,65,79,25,382,196,346,87,197,116,220,21,64,143,65,475,97,31,142,158,105,55,115,41,3,6054
04-09-2020,78,281,203,43,2091,139,39,66,81,25,389,206,356,89,199,116,222,21,65,144,66,486,100,31,148,162,107,56,117,41,3,6170
05-09-2020,80,286,203,46,2125,139,42,67,85,25,398,213,364,92,205,116,223,21,66,147,70,498,103,34,156,164,111,56,119,41,3,6298
06-09-2020,80,294,211,46,2163,140,42,68,87,25,399,213,370,94,207,116,225,22,66,151,71,503,105,34,159,167,111,57,121,43,3,6393
07-09-2020,81,301,219,47,2211,140,43,69,89,25,407,216,380,96,211,116,229,23,66,161,72,512,107,35,167,169,113,60,123,43,3,6534
08-09-2020,81,307,219,48,2266,141,45,69,91,25,410,218,388,98,216,120,231,23,68,167,76,523,109,36,173,175,120,64,125,45,3,6680
09-09-2020,83,315,224,50,2307,143,46,69,93,27,416,220,389,100,220,122,233,24,69,173,79,536,112,37,179,180,121,66,127,45,3,6808
10-09-2020,84,322,226,50,2340,143,46,70,95,27,425,223,397,102,229,123,235,25,71,177,82,549,115,37,184,182,125,74,130,46,3,6937
11-09-2020,85,330,235,54,2370,143,50,70,97,29,432,224,406,104,230,125,239,26,71,182,86,562,117,38,192,184,127,78,132,46,3,7067
12-09-2020,85,338,237,56,2391,143,52,70,98,33,437,225,415,105,231,126,242,26,73,186,86,576,119,38,197,185,129,80,133,46,3,7161
13-09-2020,85,346,237,56,2436,143,52,71,98,33,440,226,422,107,235,127,242,26,75,189,86,591,121,38,202,188,129,81,134,46,3,7265
14-09-2020,88,353,241,57,2473,145,54,73,101,33,445,226,431,109,236,129,245,27,75,192,87,603,124,39,207,194,129,83,136,46,3,7384
15-09-2020,88,353,244,60,2514,146,56,73,104,33,450,227,431,111,236,132,248,27,77,194,87,615,127,39,207,199,129,85,138,48,3,7481
16-09-2020,89,353,245,66,2521,149,55,78,103,33,449,228,433,111,237,132,248,28,78,193,88,633,127,44,206,201,129,87,140,49,3,7536
17-09-2020,93,360,249,66,2555,149,55,78,103,33,458,228,439,113,237,132,248,28,78,193,88,650,127,44,206,201,133,91,142,49,3,7629
18-09-2020,96,385,257,73,2592,149,55,78,106,33,469,228,448,115,238,138,254,31,78,201,90,667,128,44,224,204,138,94,143,49,3,7808
19-09-2020,97,392,263,73,2625,149,62,78,107,33,474,231,453,115,243,140,257,31,78,208,92,679,129,44,225,208,139,100,145,49,3,7922
20-09-2020,98,400,269,74,2657,149,62,78,107,33,480,231,459,119,249,142,258,31,78,212,93,691,130,44,231,209,139,102,146,49,3,8023
21-09-2020,100,409,272,75,2689,149,66,80,110,33,488,234,466,123,253,145,259,31,78,213,95,706,132,44,238,212,143,102,148,49,3,8145
22-09-2020,102,418,272,77,2715,149,67,81,110,33,492,234,466,125,257,145,262,31,78,213,96,715,133,44,243,216,143,109,150,49,3,8228
23-09-2020,102,418,272,83,2738,149,67,81,110,33,492,234,466,125,257,145,262,31,78,213,96,715,133,44,250,216,143,109,152,49,3,8266
24-09-2020,102,428,272,83,2762,149,69,81,112,33,494,238,470,125,263,147,262,31,78,213,97,715,133,44,256,216,143,109,154,49,3,8331
25-09-2020,103,436,278,86,2794,151,70,81,115,33,494,238,475,127,266,148,265,33,79,213,98,715,133,44,264,218,143,109,156,49,3,8417
26-09-2020,104,443,278,89,2821,151,70,83,116,33,502,240,479,128,268,151,266,33,80,215,99,721,133,46,272,220,143,109,158,49,3,8503
27-09-2020,105,452,283,91,2836,151,70,83,117,35,508,240,481,129,274,153,272,33,83,215,100,722,134,46,277,225,144,109,161,50,3,8582
28-09-2020,105,458,287,91,2845,151,71,84,118,35,515,241,482,129,278,157,274,34,83,215,100,724,135,46,283,229,144,111,162,51,3,8641
29-09-2020,105,460,290,91,2912,151,73,85,119,38,524,241,486,130,288,159,276,36,83,220,102,731,135,47,289,232,146,111,163,51,3,8777
30-09-2020,106,462,290,95,2936,152,77,85,122,38,534,241,488,131,295,160,277,36,85,227,104,737,135,47,293,235,147,111,164,51,3,8864
01-10-2020,107,464,290,96,2977,154,78,86,122,38,545,241,493,131,298,161,277,40,90,232,106,762,136,48,297,243,150,111,165,53,3,8994
02-10-2020,109,466,297,96,3024,156,78,86,123,38,557,242,499,131,304,163,278,40,90,235,108,780,136,48,300,251,151,111,166,53,3,9119
03-10-2020,109,470,300,97,3045,158,79,86,124,38,566,243,504,132,310,165,280,40,90,237,110,798,137,48,303,257,154,115,167,54,3,9219
04-10-2020,110,473,300,97,3067,158,80,86,124,38,568,243,505,132,313,166,282,44,90,242,112,810,137,48,307,260,154,115,168,54,3,9286
05-10-2020,110,478,302,97,3101,158,82,86,125,38,574,243,506,134,317,166,283,45,90,244,114,818,138,50,309,264,157,115,169,54,3,9370
06-10-2020,110,482,309,97,3135,158,82,86,125,38,581,243,508,135,319,168,284,45,94,246,115,831,139,52,310,267,160,115,170,54,3,9461
07-10-2020,113,482,310,99,3190,159,83,86,126,38,588,243,510,135,324,170,285,46,98,246,115,840,139,55,310,272,162,122,171,54,3,9574
08-10-2020,116,485,310,100,3233,159,84,86,127,38,594,243,512,135,326,170,290,46,103,246,117,852,140,56,312,277,163,124,172,56,3,9675
09-10-2020,116,487,315,102,3290,161,84,90,128,38,596,247,515,136,326,170,290,47,107,246,118,862,141,56,315,283,164,127,173,56,3,9789
10-10-2020,117,490,316,102,3320,162,87,90,128,41,600,247,518,137,332,174,294,49,110,253,119,875,142,56,317,287,165,129,174,57,3,9891
11-10-2020,117,492,316,102,3344,162,87,92,131,43,605,247,521,137,334,174,295,49,117,255,120,886,142,56,319,290,166,131,175,58,3,9966
12-10-2020,119,494,318,102,3362,162,88,94,133,45,609,249,524,138,337,174,295,49,119,259,122,893,142,58,321,291,167,134,176,59,3,10036
13-10-2020,120,497,319,107,3390,162,90,94,133,45,612,249,526,138,347,175,296,52,122,262,124,896,142,61,323,298,168,135,177,60,3,10123
14-10-2020,122,500,320,109,3417,162,91,95,134,46,617,249,529,139,348,175,296,52,124,263,126,907,143,61,323,302,168,138,179,60,3,10198
15-10-2020,123,503,323,109,3462,163,93,99,134,46,619,250,531,139,348,175,297,52,126,264,128,909,144,61,326,305,170,140,181,60,3,10283
16-10-2020,124,505,324,109,3486,163,96,101,134,49,624,250,534,139,351,175,298,55,128,264,130,912,144,61,329,309,172,144,183,60,3,10356
17-10-2020,125,507,326,111,3500,163,98,102,134,49,628,251,537,140,354,177,298,57,133,264,133,922,145,62,330,313,173,148,184,60,3,10427
18-10-2020,126,509,326,111,3525,163,99,102,134,51,631,251,539,140,356,178,299,57,135,265,134,923,145,62,332,314,173,150,185,60,3,10478
19-10-2020,127,512,326,116,3542,163,104,104,134,51,637,251,541,140,356,179,301,59,137,266,136,927,145,63,334,317,175,150,186,60,3,10542
20-10-2020,128,513,326,118,3578,163,107,104,134,51,641,251,542,140,358,181,301,59,141,266,136,929,146,64,336,318,176,151,187,60,3,10608
21-10-2020,128,515,327,120,3631,163,107,104,134,52,650,252,544,140,361,181,304,59,141,267,136,932,146,65,337,322,176,151,188,60,3,10696
22-10-2020,129,517,328,120,3667,163,107,105,136,54,653,253,547,140,364,181,305,60,143,272,137,936,146,66,337,324,177,151,189,60,3,10770
23-10-2020,130,519,328,121,3688,163,107,107,136,55,657,253,549,140,366,181,305,60,145,272,138,939,147,66,339,328,178,151,190,60,3,10821
24-10-2020,131,521,328,122,3714,163,110,107,136,56,660,253,551,140,366,182,306,60,147,272,138,945,147,66,340,329,178,151,191,60,3,10873
25-10-2020,131,523,328,122,3734,163,110,107,136,56,663,253,551,140,366,182,306,60,149,273,139,947,147,66,340,330,178,151,191,60,3,10905
26-10-2020,131,525,328,122,3754,163,110,107,136,56,667,254,554,140,367,182,306,61,150,273,140,949,147,67,341,331,179,152,191,61,3,10947
27-10-2020,131,528,329,122,3778,163,111,107,136,56,668,254,557,140,367,182,308,61,151,273,140,951,148,67,341,332,180,154,192,61,3,10991
28-10-2020,131,531,330,124,3801,163,112,109,136,56,671,255,559,140,367,182,311,63,153,273,140,953,149,69,342,333,181,155,193,61,3,11046
29-10-2020,131,531,331,127,3820,163,112,109,136,59,673,256,562,140,370,183,312,63,153,273,140,955,149,70,343,335,182,155,194,61,3,11091
30-10-2020,131,535,333,127,3847,163,112,110,136,59,676,257,564,141,370,185,312,63,153,273,141,956,149,70,344,338,182,155,194,61,3,11140
31-10-2020,131,537,333,127,3864,163,112,110,136,59,677,257,565,141,370,185,312,63,154,273,141,958,149,71,345,339,182,155,195,61,3,11168
01-11-2020,131,539,334,127,3874,163,113,110,136,60,678,257,566,141,372,185,312,63,154,275,141,959,149,71,345,340,182,155,196,61,3,11192
02-11-2020,131,540,334,127,3888,163,113,111,136,60,679,257,567,141,373,185,313,63,154,275,142,961,150,72,346,341,183,156,196,61,3,11221
03-11-2020,131,542,335,127,3901,163,113,111,136,60,680,258,569,141,375,185,313,64,154,276,143,961,150,72,346,342,183,156,196,61,3,11247
04-11-2020,131,545,335,127,3917,163,113,111,136,60,681,260,571,141,376,186,314,64,155,276,143,964,150,74,346,342,184,156,196,61,3,11281
05-11-2020,131,547,335,128,3926,164,113,111,136,60,684,260,573,141,377,186,315,64,157,276,143,968,150,74,347,343,185,158,196,61,3,11312
06-11-2020,131,549,335,129,3938,164,114,111,137,60,686,261,574,141,377,186,316,64,159,278,144,970,151,74,347,346,186,158,197,61,3,11347
07-11-2020,131,550,336,130,3945,165,114,111,137,60,687,261,575,141,377,186,316,64,161,278,144,972,151,74,347,349,187,159,197,61,3,11369
08-11-2020,131,553,338,130,3956,165,114,111,137,60,688,261,577,141,377,187,316,64,161,278,144,974,151,74,347,349,187,159,197,61,3,11391
09-11-2020,131,556,338,131,3961,165,114,112,137,61,690,261,579,141,377,187,316,64,162,278,145,974,152,74,347,350,187,159,197,61,3,11410
10-11-2020,131,558,338,134,3969,165,114,112,137,62,691,262,580,141,378,187,317,64,162,278,145,974,152,74,347,351,187,159,197,61,3,11430
11-11-2020,131,561,338,135,3977,166,114,112,137,63,692,262,582,141,379,187,317,64,163,278,145,975,152,74,347,353,187,159,198,61,3,11453
12-11-2020,131,563,338,138,3985,166,114,112,137,63,692,262,584,141,380,187,318,64,164,278,145,976,153,74,347,354,187,159,198,61,3,11474
13-11-2020,131,565,340,138,3988,166,115,112,137,63,692,262,585,141,380,187,319,64,166,278,145,978,153,75,347,354,187,161,198,61,3,11491
14-11-2020,131,567,340,138,3997,166,115,112,137,63,693,262,586,141,381,187,319,64,166,278,146,978,153,75,347,356,187,161,198,61,3,11508
15-11-2020,132,569,340,138,4003,166,115,112,137,63,695,263,587,141,382,188,319,64,166,278,146,981,153,75,347,357,187,162,199,61,3,11529
16-11-2020,132,571,340,138,4009,166,115,112,137,63,696,263,588,141,382,188,319,64,166,278,146,982,153,75,347,357,187,163,199,61,3,11541
17-11-2020,132,572,340,138,4018,166,115,112,137,63,698,263,589,141,382,188,319,64,166,278,146,982,154,75,347,358,187,164,199,61,3,11557
18-11-2020,132,573,340,138,4028,166,115,112,137,63,700,263,591,141,384,188,319,65,166,278,146,983,154,75,347,359,187,165,199,61,3,11578
19-11-2020,132,575,340,138,4042,166,115,113,137,63,702,263,593,141,384,188,319,66,166,278,146,984,154,75,347,361,187,165,200,61,3,11604
20-11-2020,132,576,340,139,4048,166,115,113,137,63,703,263,595,141,384,188,319,66,166,278,146,987,155,75,348,362,187,165,200,61,3,11621
21-11-2020,132,577,340,139,4058,166,115,113,137,63,706,263,596,141,384,189,319,66,167,278,146,988,155,75,348,364,187,165,200,61,3,11641
22-11-2020,132,578,340,139,4068,166,115,113,137,63,706,263,597,141,384,189,319,66,167,278,146,989,155,75,348,364,187,165,200,61,3,11654
23-11-2020,133,579,341,139,4078,166,116,113,137,63,710,263,598,141,384,189,319,66,167,278,146,991,156,75,348,364,187,166,201,61,3,11678
24-11-2020,134,580,341,139,4090,166,116,113,137,63,710,263,598,141,384,189,319,66,167,278,146,992,156,75,348,364,187,168,201,61,3,11695
25-11-2020,134,580,341,141,4101,166,116,113,137,63,711,263,600,141,384,189,319,66,167,278,146,993,156,75,348,366,187,168,201,61,3,11714
26-11-2020,134,580,341,142,4108,166,116,113,137,63,711,263,600,141,384,189,319,67,168,278,146,994,156,75,348,367,187,168,201,61,3,11726
27-11-2020,134,581,341,142,4114,167,116,113,138,63,712,263,600,141,384,189,319,67,168,278,146,995,156,75,348,367,187,169,201,61,3,11738
28-11-2020,135,581,341,142,4121,168,116,113,138,63,713,263,600,141,384,189,319,67,168,278,146,997,156,75,348,367,187,169,201,61,3,11750
29-11-2020,135,581,341,142,4131,168,116,113,138,63,714,263,600,141,384,189,319,67,168,278,146,999,156,75,348,368,187,170,201,61,3,11765
30-11-2020,136,582,341,144,4137,168,116,113,138,63,715,263,600,141,384,189,319,68,168,278,146,999,156,75,348,368,187,171,201,61,3,11778
01-12-2020,136,583,341,144,4146,168,116,113,138,64,715,263,600,141,386,189,319,68,168,278,146,1000,156,75,348,368,187,171,201,61,3,11792
02-12-2020,136,583,341,145,4156,168,116,113,138,65,715,263,601,141,386,189,320,68,169,278,146,1000,156,75,348,368,187,171,202,61,3,11808
03-12-2020,136,583,341,146,4162,168,116,113,138,65,717,263,602,141,387,189,320,68,170,278,146,1001,156,75,348,368,187,171,202,61,3,11821
04-12-2020,136,583,341,146,4170,168,116,113,138,65,717,263,603,141,387,189,320,68,171,278,146,1001,157,75,348,370,187,171,202,61,3,11834
05-12-2020,136,584,341,146,4176,168,116,113,138,66,718,263,603,141,387,189,320,68,172,278,147,1001,157,75,348,370,187,172,202,61,3,11846
06-12-2020,136,584,341,146,4183,169,116,113,138,66,719,263,603,141,387,189,320,68,173,278,147,1001,157,75,348,370,187,172,202,61,3,11856
07-12-2020,136,585,341,146,4190,169,116,113,138,66,722,263,603,141,387,189,320,68,173,278,147,1001,157,75,348,370,187,172,202,61,3,11867
08-12-2020,136,586,341,146,4197,170,116,114,138,66,724,263,603,141,387,189,320,68,173,278,147,1002,157,75,348,370,187,172,202,61,3,11880
09-12-2020,136,586,341,147,4210,170,116,114,138,66,726,263,604,141,387,189,321,68,173,278,147,1003,157,75,348,371,187,172,202,61,3,11900
10-12-2020,136,587,341,147,4218,170,116,114,138,66,728,263,605,141,387,189,321,68,173,278,147,1003,157,75,348,371,187,172,202,61,3,11912
11-12-2020,136,587,342,147,4224,170,116,114,138,67,730,264,606,141,387,189,321,68,173,278,147,1003,157,76,348,373,187,172,203,61,3,11928
12-12-2020,136,588,342,147,4230,170,116,114,138,67,732,264,606,141,387,189,321,68,174,278,147,1003,157,76,348,374,187,172,203,61,3,11939
13-12-2020,136,588,342,147,4233,170,116,114,138,67,733,264,606,141,387,189,321,68,174,278,147,1004,157,76,348,374,187,172,203,61,3,11944
14-12-2020,136,589,342,147,4238,170,116,114,138,67,733,264,606,141,388,189,321,68,174,278,147,1006,157,76,348,374,187,173,203,61,3,11954
15-12-2020,136,589,342,148,4241,170,116,115,138,68,733,264,606,141,389,190,321,69,174,278,147,1006,157,76,348,375,187,174,203,61,3,11965
16-12-2020,136,590,342,148,4245,170,116,115,139,68,733,264,606,141,389,190,321,69,174,278,147,1006,157,76,348,375,187,174,203,61,3,11971
17-12-2020,136,590,342,148,4252,170,116,116,139,68,734,264,606,141,389,190,321,69,174,278,147,1006,158,76,348,375,187,174,203,61,3,11981
18-12-2020,136,591,342,148,4256,170,116,116,139,68,734,264,606,141,389,190,321,70,174,279,147,1006,158,76,348,376,187,174,203,61,3,11989
19-12-2020,136,592,342,149,4266,170,117,116,139,68,734,264,606,141,389,190,321,70,174,279,147,1006,158,76,348,376,188,175,203,61,3,12004
20-12-2020,136,592,342,149,4268,170,119,116,139,68,734,264,606,141,389,190,321,70,174,279,147,1006,158,76,348,376,188,175,204,61,3,12009
21-12-2020,136,593,342,149,4273,170,119,116,139,68,734,264,606,141,390,190,321,70,174,279,147,1006,158,76,348,376,188,175,204,61,3,12016
22-12-2020,136,594,342,151,4280,170,119,116,139,68,734,264,606,141,391,190,322,71,174,279,147,1006,158,76,348,376,188,175,204,61,3,12029
23-12-2020,136,595,342,151,4282,171,119,116,139,68,734,264,606,141,393,190,322,70,175,279,147,1008,158,76,348,377,188,175,204,61,3,12038
24-12-2020,136,595,342,151,4283,171,119,116,139,68,734,264,606,141,393,190,322,70,175,279,147,1008,158,76,348,377,188,175,204,61,3,12039
25-12-2020,136,595,342,151,4287,171,119,116,139,68,734,264,607,141,393,190,322,70,175,279,147,1008,158,76,348,377,188,175,204,61,3,12044
26-12-2020,136,596,342,152,4291,171,119,116,139,68,734,264,607,141,393,190,323,70,175,279,147,1008,158,76,348,377,188,175,204,61,3,12051
27-12-2020,136,596,342,152,4299,171,119,116,139,68,734,264,607,141,393,190,323,70,176,279,147,1010,158,76,348,377,188,175,204,61,3,12062
28-12-2020,136,597,342,152,4304,171,119,116,139,68,734,264,607,141,393,190,323,71,176,279,147,1010,158,76,348,377,188,176,204,61,3,12070
29-12-2020,136,597,342,152,4306,171,119,116,139,68,734,264,607,141,393,190,323,71,176,279,147,1012,158,76,348,377,188,176,204,61,3,12074
30-12-2020,136,597,342,152,4311,171,119,116,139,68,734,264,608,141,393,190,323,71,176,279,147,1013,158,76,348,377,188,176,204,61,3,12081
31-12-2020,136,597,342,152,4317,171,119,116,139,68,734,264,608,141,393,190,323,71,176,279,147,1015,158,76,348,377,188,176,205,61,3,12090
01-01-2021,136,597,342,152,4321,171,119,117,139,68,734,264,608,141,393,190,323,71,176,279,147,1015,158,77,348,377,188,176,205,61,3,12096
02-01-2021,136,597,342,152,4322,171,119,117,139,68,734,264,609,141,393,190,323,71,176,279,147,1015,158,77,348,378,188,176,205,61,3,12099
03-01-2021,136,597,342,152,4326,171,119,117,139,68,734,264,609,141,393,190,324,71,176,279,147,1017,158,77,348,379,188,176,205,61,3,12107
04-01-2021,136,597,342,152,4327,171,119,117,139,68,734,264,609,141,393,190,324,71,176,279,147,1017,158,77,348,379,189,176,206,61,3,12110
05-01-2021,136,597,342,152,4333,171,119,117,139,68,734,264,609,141,393,190,325,71,176,279,147,1017,158,77,348,379,189,177,206,61,3,12118
06-01-2021,136,597,342,153,4336,171,119,117,139,68,734,264,610,141,393,190,325,71,176,279,147,1017,158,77,348,380,189,177,206,61,3,12124
07-01-2021,136,597,342,153,4341,171,119,117,139,68,734,264,610,141,393,190,325,71,177,279,147,1017,158,77,348,381,189,177,206,61,3,12131
08-01-2021,136,597,342,153,4343,171,119,117,139,68,734,264,610,141,393,190,325,71,177,279,147,1017,158,77,349,381,189,177,206,61,3,12134
09-01-2021,136,597,342,153,4346,171,119,117,139,68,734,264,610,141,393,190,325,71,177,279,147,1018,158,77,349,381,189,177,206,61,3,12138
10-01-2021,136,597,342,153,4346,171,119,117,139,68,734,264,610,141,393,190,325,71,177,279,147,1019,158,77,349,382,189,177,206,61,3,12140
11-01-2021,136,597,342,153,4348,172,119,117,139,68,734,264,610,141,393,190,325,71,177,279,147,1020,158,77,349,382,189,177,206,61,3,12144
12-01-2021,136,597,342,154,4350,172,119,117,139,68,734,264,610,141,393,190,326,71,177,279,147,1020,158,77,349,383,189,177,206,61,3,12149
13-01-2021,136,597,342,154,4352,172,119,117,139,68,734,264,610,141,393,190,326,71,177,279,147,1020,158,77,349,383,189,178,206,61,3,12152
14-01-2021,136,597,342,154,4355,172,119,117,139,68,734,264,610,141,393,190,326,71,177,279,147,1020,158,77,349,383,189,178,206,61,3,12155
15-01-2021,136,597,342,154,4357,172,119,117,139,68,734,264,610,141,393,190,327,71,177,279,147,1020,158,77,349,383,189,178,206,61,3,12158
16-01-2021,136,597,342,154,4359,172,119,117,139,68,735,264,610,141,393,190,327,71,177,279,148,1020,158,77,349,383,189,178,206,61,3,12162
17-01-2021,136,597,342,155,4360,172,119,117,139,68,735,264,610,141,393,190,327,71,177,279,148,1022,158,77,349,383,189,178,206,61,3,12166
18-01-2021,136,597,342,155,4366,172,119,117,139,68,735,264,610,141,394,190,327,72,177,279,148,1022,158,77,349,384,189,178,206,61,3,12175
19-01-2021,136,597,342,156,4370,172,119,117,139,68,735,264,610,141,394,190,327,72,177,279,149,1022,158,77,349,384,189,178,206,61,3,12181
20-01-2021,136,597,342,156,4372,172,119,117,139,69,735,264,610,141,394,190,327,72,177,279,150,1022,158,77,349,384,189,178,206,61,3,12185
21-01-2021,136,597,342,156,4373,172,119,117,139,69,735,264,611,141,394,190,327,72,177,279,150,1022,158,77,349,384,189,178,206,61,3,12187
22-01-2021,136,597,342,156,4375,172,119,117,139,69,736,264,611,141,394,190,327,72,177,279,150,1022,158,77,349,384,189,178,206,61,3,12190
23-01-2021,136,597,342,156,4376,172,119,117,139,69,736,264,611,141,394,190,328,72,177,279,150,1022,158,77,349,385,189,178,206,61,3,12193
24-01-2021,136,597,342,156,4378,172,119,117,139,69,737,264,611,141,394,190,328,72,177,279,150,1023,158,77,349,385,189,178,206,61,3,12197
25-01-2021,136,597,342,156,4380,172,119,117,139,69,737,264,611,141,394,190,328,72,177,279,150,1024,158,77,349,385,189,178,206,61,3,12200
26-01-2021,136,597,342,156,4382,172,119,117,139,69,737,264,611,141,394,190,328,72,177,279,150,1026,158,77,349,385,189,178,206,61,3,12204
27-01-2021,136,597,342,157,4383,172,119,117,139,69,737,264,612,141,394,190,328,72,177,279,150,1026,158,77,349,385,189,178,206,61,3,12207
28-01-2021,136,597,342,157,4385,172,119,117,139,69,737,264,612,141,394,190,328,72,177,279,150,1026,158,77,349,385,189,178,206,61,3,12209
29-01-2021,136,597,342,157,4386,172,119,117,139,69,737,264,612,141,394,190,328,72,177,279,151,1026,158,77,349,385,189,178,206,61,3,12211
30-01-2021,136,597,342,157,4388,172,119,117,139,69,737,264,612,141,394,190,328,72,177,279,151,1026,158,77,349,385,189,178,206,61,3,12213
31-01-2021,136,597,342,157,4391,172,119,117,139,69,737,264,613,141,394,190,328,72,177,279,151,1026,158,77,349,385,189,178,206,61,3,12217
01-02-2021,136,597,342,157,4393,172,119,117,139,69,738,264,613,141,394,190,328,72,177,279,151,1026,158,77,349,385,189,178,206,61,3,12220
02-02-2021,136,597,342,157,4396,172,119,117,139,69,738,264,613,141,394,190,328,72,177,279,151,1026,158,77,349,385,189,178,206,61,3,12223
03-02-2021,136,597,342,157,4397,172,119,117,139,69,738,264,613,141,395,190,328,72,177,279,151,1026,158,77,349,385,189,178,206,61,3,12225
04-02-2021,136,597,342,157,4399,172,119,117,139,69,738,264,613,141,395,190,328,72,177,279,151,1026,158,77,349,385,189,178,206,61,3,12227
05-02-2021,136,597,342,157,4401,172,119,117,139,69,738,264,614,141,395,190,328,72,177,279,151,1026,158,77,349,385,189,178,206,61,3,12230
06-02-2021,136,597,342,158,4402,172,120,117,139,69,738,264,614,141,395,190,328,72,177,279,151,1026,158,77,349,385,189,178,206,61,3,12233
07-02-2021,136,597,342,158,4404,172,120,117,139,69,738,264,614,141,395,190,328,72,177,279,151,1027,158,77,349,385,189,178,206,61,3,12236
08-02-2021,136,597,342,159,4406,172,120,117,139,69,738,264,614,141,395,190,328,72,177,279,151,1027,158,77,349,385,189,178,206,61,3,12239
09-02-2021,136,597,342,159,4408,172,120,117,139,69,738,264,614,141,395,190,328,72,177,279,151,1027,158,77,349,385,189,178,206,61,3,12241
10-02-2021,136,597,342,159,4411,172,120,117,139,69,738,264,614,141,395,190,328,72,177,279,151,1027,158,77,349,385,189,178,206,61,3,12244
11-02-2021,136,597,342,160,4417,172,120,117,139,69,738,264,614,141,395,190,328,72,177,279,151,1027,158,77,349,385,189,178,206,61,3,12251
12-02-2021,136,597,342,160,4424,172,120,117,139,69,738,264,615,141,395,190,328,72,177,279,151,1027,158,77,349,385,189,178,206,61,3,12259
13-02-2021,136,597,342,160,4427,172,120,117,139,69,738,264,615,141,395,190,328,72,177,279,151,1027,158,77,349,386,189,178,206,61,3,12263
14-02-2021,136,597,342,160,4428,172,120,117,139,69,738,264,615,141,395,190,329,72,177,279,151,1027,158,77,349,386,189,178,206,61,3,12265
15-02-2021,136,597,342,160,4430,172,120,117,139,69,738,264,615,141,395,190,329,72,177,279,151,1027,158,77,349,386,189,178,206,61,3,12267
16-02-2021,136,597,342,160,4434,172,120,117,139,69,738,264,615,141,395,190,329,72,177,279,151,1029,158,77,349,386,189,178,206,61,3,12273
17-02-2021,136,597,342,160,4437,172,120,117,139,69,738,264,615,141,395,190,329,72,177,279,151,1029,158,77,349,386,189,178,206,61,3,12276
18-02-2021,136,597,342,160,4441,172,120,117,139,69,738,264,616,141,395,190,329,72,177,279,151,1029,158,77,349,387,189,178,206,61,3,12282
19-02-2021,136,597,342,160,4445,172,120,117,139,69,738,264,616,141,395,190,329,73,177,279,151,1029,158,77,349,387,189,178,206,61,3,12287
20-02-2021,136,597,342,160,4449,172,120,117,139,69,738,264,616,141,395,190,329,73,177,279,151,1029,158,77,349,388,189,178,206,61,3,12292
21-02-2021,136,597,342,160,4451,172,120,117,139,69,738,264,616,141,395,190,329,73,177,279,151,1029,158,77,349,388,189,178,206,61,3,12294
22-02-2021,136,597,342,160,4454,172,120,117,139,69,738,264,617,141,395,190,329,73,177,279,151,1029,158,77,349,389,189,178,206,61,3,12299
23-02-2021,136,597,342,160,4458,172,120,117,139,69,738,264,617,141,395,190,329,73,177,279,151,1029,158,77,349,389,189,178,206,61,3,12303
24-02-2021,136,597,342,160,4462,172,120,117,139,69,738,264,617,141,395,190,329,73,177,279,151,1030,158,77,349,390,189,178,206,61,3,12309
25-02-2021,136,597,342,160,4466,172,120,117,139,69,738,264,617,141,395,190,330,73,177,279,152,1030,158,77,349,390,190,178,206,61,3,12316
26-02-2021,136,597,342,160,4469,172,120,117,139,69,738,264,617,141,396,190,330,73,177,279,152,1030,158,77,349,390,190,178,206,61,3,12320
27-02-2021,136,597,342,160,4474,172,120,117,139,69,738,264,618,141,396,190,330,73,177,279,152,1030,158,77,349,390,190,178,206,61,3,12326
28-02-2021,136,597,342,160,4479,172,120,117,139,69,738,264,618,141,396,190,330,73,177,279,152,1030,158,77,349,390,190,178,206,61,3,12331
01-03-2021,136,597,342,160,4483,172,120,117,139,69,738,264,618,141,396,190,330,73,177,279,152,1031,158,77,349,390,190,178,206,61,3,12336
02-03-2021,136,597,342,160,4487,172,120,117,139,69,738,264,618,141,396,190,330,73,177,279,152,1033,158,77,349,391,190,178,206,61,3,12343
03-03-2021,136,597,342,161,4489,172,120,117,139,69,738,264,618,141,396,190,330,73,177,279,152,1033,158,77,349,391,190,178,206,61,3,12346
04-03-2021,136,597,342,161,4491,172,120,117,139,69,738,264,619,141,396,190,330,73,177,279,152,1034,158,77,349,391,190,178,206,61,3,12350
05-03-2021,136,597,342,161,4493,173,120,118,139,69,738,264,619,141,396,190,330,73,177,279,152,1034,158,77,349,391,190,178,206,61,3,12354
06-03-2021,136,597,342,161,4496,173,120,118,139,69,738,264,619,141,397,190,330,73,177,279,152,1034,158,77,349,392,190,178,206,61,3,12359
07-03-2021,136,597,342,161,4499,173,120,118,139,69,738,264,619,141,397,190,330,73,177,279,152,1034,158,77,349,392,190,178,206,61,3,12362
08-03-2021,136,597,342,161,4503,173,120,118,139,69,738,264,619,141,397,190,330,73,177,279,152,1035,158,77,349,392,190,178,206,61,3,12367
09-03-2021,136,597,342,161,4507,173,120,118,139,69,738,264,620,141,397,190,330,73,177,279,152,1035,158,77,349,393,190,178,206,61,3,12373
10-03-2021,136,597,342,161,4512,173,120,118,139,69,739,264,620,141,397,190,330,73,177,279,152,1035,158,77,349,393,190,178,206,61,3,12379
11-03-2021,136,597,342,161,4514,173,120,118,139,69,739,264,620,141,397,190,330,73,177,279,152,1035,158,77,349,393,190,178,206,61,3,12381
12-03-2021,136,597,342,161,4516,174,120,118,139,69,739,264,621,141,397,190,331,73,177,279,152,1035,158,77,349,393,190,178,206,61,3,12386
13-03-2021,136,597,342,161,4516,174,120,118,139,69,739,264,621,141,397,190,331,73,177,279,152,1036,158,77,349,393,190,178,206,61,3,12387
14-03-2021,136,597,342,161,4519,174,120,118,139,69,739,264,621,141,397,190,331,73,177,279,152,1036,158,77,349,393,190,178,206,61,3,12390
15-03-2021,136,597,342,161,4524,175,120,118,139,69,739,264,621,141,397,190,331,73,177,279,152,1037,158,77,349,393,190,178,206,61,3,12397
16-03-2021,136,597,342,161,4527,175,120,118,139,69,739,264,622,141,397,190,332,73,177,279,152,1038,158,77,349,393,190,178,206,61,3,12403
17-03-2021,136,597,342,161,4530,175,120,118,139,69,739,264,622,141,397,190,332,73,177,279,152,1039,158,77,349,393,190,178,206,61,3,12407
18-03-2021,136,597,342,161,4537,176,120,118,139,69,739,264,622,141,397,190,332,73,177,279,152,1039,158,77,349,393,190,178,206,61,3,12415
19-03-2021,136,597,342,161,4543,177,120,118,139,69,739,264,623,141,397,190,332,73,177,279,152,1041,158,77,349,393,190,178,206,61,3,12425
20-03-2021,136,597,342,161,4548,178,120,118,139,69,739,264,623,141,397,190,332,73,177,279,152,1041,158,77,349,393,190,178,207,61,3,12432
21-03-2021,136,597,342,161,4549,179,120,118,139,69,739,264,623,141,397,190,332,73,177,279,152,1041,158,77,349,393,190,178,207,61,3,12434
22-03-2021,136,597,342,161,4553,179,120,118,139,69,740,264,624,141,397,190,333,73,177,279,152,1042,158,77,349,394,190,179,207,61,3,12444
23-03-2021,136,597,342,161,4556,179,120,118,139,69,740,264,624,141,398,190,334,73,177,279,152,1042,158,77,349,394,190,179,207,61,3,12449
24-03-2021,136,597,342,161,4563,179,120,118,139,69,740,264,625,141,398,190,335,73,177,280,152,1044,158,77,349,394,190,179,207,61,3,12461
25-03-2021,136,598,343,161,4569,179,120,118,139,69,740,264,625,141,398,190,335,73,177,280,152,1046,158,77,349,394,190,179,207,61,3,12471
26-03-2021,136,598,344,163,4572,180,120,118,139,69,740,264,625,141,398,190,337,73,178,280,153,1047,158,77,349,395,190,179,207,61,3,12484
27-03-2021,136,598,344,163,4574,181,120,118,139,69,740,264,626,141,399,190,339,73,178,280,153,1047,158,77,349,396,190,179,207,61,3,12492
28-03-2021,136,598,344,163,4581,181,120,118,139,69,740,264,626,141,399,190,340,73,178,280,153,1049,158,77,349,397,191,179,207,61,3,12504
29-03-2021,136,598,344,163,4590,182,120,118,139,69,740,264,626,141,402,190,340,73,178,280,154,1051,158,77,349,397,191,179,207,61,3,12520
30-03-2021,136,598,344,165,4601,183,120,118,140,69,740,264,626,141,403,190,341,73,178,280,155,1054,158,77,349,397,191,179,207,61,3,12541
31-03-2021,136,598,344,165,4619,183,120,118,141,69,740,264,626,141,403,190,343,73,179,280,155,1054,158,77,349,399,192,180,207,61,3,12567
01-04-2021,136,598,344,165,4630,184,120,118,141,69,740,264,628,141,403,190,344,73,179,280,156,1055,158,77,349,400,192,180,207,61,3,12585
02-04-2021,136,598,344,165,4635,184,120,118,141,69,740,264,628,141,403,190,345,73,179,280,156,1055,158,77,349,400,192,180,207,61,3,12591
03-04-2021,136,598,344,165,4641,184,120,118,141,69,740,264,628,141,406,190,346,73,179,280,158,1061,158,77,349,401,192,180,207,61,3,12610
04-04-2021,136,598,344,165,4649,184,120,118,141,69,740,264,630,141,407,190,349,73,179,280,158,1061,158,77,349,402,192,180,207,61,3,12625
05-04-2021,136,599,344,165,4667,185,120,118,141,69,740,264,630,141,407,191,351,73,180,280,159,1064,158,77,350,403,192,180,208,62,3,12657
06-04-2021,136,600,344,166,4693,186,120,118,141,69,740,264,633,141,407,191,353,73,181,280,160,1067,158,77,350,403,192,180,208,62,3,12696
07-04-2021,136,601,344,166,4718,187,120,118,141,69,741,264,633,141,408,191,355,73,181,280,160,1069,158,77,350,404,192,180,209,62,3,12731
08-04-2021,136,601,345,168,4740,188,120,118,141,69,741,264,634,141,408,191,358,73,182,280,162,1070,158,77,350,405,192,180,210,62,3,12767
09-04-2021,136,602,347,169,4769,189,120,119,141,70,741,264,635,141,408,191,360,73,182,280,163,1075,158,77,350,405,192,181,210,62,3,12813
10-04-2021,136,603,347,169,4788,191,121,119,141,70,741,264,637,141,409,191,362,73,182,280,163,1080,158,77,350,407,192,182,210,62,3,12849
11-04-2021,137,603,350,170,4815,192,121,119,141,70,741,264,637,141,409,191,364,73,182,280,163,1083,158,77,351,407,192,182,211,62,3,12889
12-04-2021,138,604,351,170,4855,194,123,120,141,70,741,264,637,141,409,191,364,73,182,280,163,1086,158,78,351,407,192,182,211,62,3,12941
13-04-2021,138,604,352,170,4910,196,123,120,141,70,741,264,638,141,409,192,368,73,182,280,163,1088,158,78,351,407,192,182,212,62,3,13008
14-04-2021,138,605,352,170,4933,198,123,120,141,70,741,264,641,141,409,192,371,73,182,280,163,1093,158,78,351,408,192,182,212,62,3,13046
15-04-2021,138,611,353,176,4963,200,123,120,141,70,741,264,644,141,413,192,372,73,183,280,163,1098,158,79,352,410,192,184,213,62,3,13112
16-04-2021,138,612,353,177,5020,202,123,121,141,70,741,264,644,141,413,192,375,73,183,280,164,1103,158,80,353,412,193,185,213,63,3,13190
17-04-2021,138,614,353,177,5063,204,125,122,142,70,742,264,646,141,421,192,378,73,184,280,165,1111,158,80,354,415,193,186,213,63,3,13270
18-04-2021,138,616,354,177,5123,205,126,122,142,70,742,264,649,141,421,192,378,73,184,282,166,1114,158,80,354,416,193,188,215,65,3,13351
19-04-2021,138,617,355,183,5220,207,126,124,142,70,742,264,652,141,432,193,384,74,185,282,166,1122,158,81,354,417,193,189,216,67,3,13497
20-04-2021,138,622,355,196,5312,214,127,125,143,70,742,264,656,141,432,193,391,75,186,282,168,1126,159,82,356,421,194,189,216,68,3,13646
21-04-2021,139,626,355,198,5382,219,127,126,143,70,743,264,656,141,435,194,399,76,187,282,170,1133,160,84,357,422,194,190,218,69,3,13762
22-04-2021,141,631,356,202,5450,222,127,128,143,70,743,264,661,141,439,194,410,78,187,282,174,1136,160,84,358,427,194,192,219,69,3,13885
23-04-2021,141,637,358,206,5574,224,129,130,144,70,743,264,666,141,447,198,417,78,192,282,178,1140,160,85,359,432,194,192,221,70,3,14075
24-04-2021,141,640,359,209,5723,224,130,131,145,70,745,266,671,141,449,201,425,80,198,282,181,1144,162,85,362,435,194,194,223,70,3,14283
25-04-2021,141,656,359,209,5800,226,131,131,145,71,746,267,677,141,453,203,432,80,200,282,184,1153,163,85,363,441,194,195,225,70,3,14426
26-04-2021,142,674,359,212,5905,230,134,131,147,71,746,267,682,141,463,207,439,80,205,282,193,1160,164,90,364,445,194,198,225,74,3,14627
27-04-2021,143,692,360,215,6002,235,136,132,147,71,749,268,687,141,468,210,446,80,207,282,193,1169,165,96,366,448,194,199,229,74,3,14807
28-04-2021,145,700,360,217,6139,241,139,133,152,72,753,271,691,141,469,212,449,80,211,282,202,1180,166,101,371,453,194,199,231,79,3,15036
29-04-2021,146,716,360,221,6282,246,146,136,153,74,754,271,696,141,478,218,460,80,212,282,211,1192,166,105,374,462,196,203,235,87,3,15306
30-04-2021,149,727,360,221,6375,252,152,138,155,74,755,277,703,141,497,220,466,85,215,282,216,1205,166,110,380,468,198,208,238,87,3,15523
01-05-2021,152,735,360,233,6537,253,152,139,159,77,757,283,707,141,505,222,472,88,216,282,216,1212,168,114,386,480,198,213,242,92,3,15794
02-05-2021,153,753,362,238,6601,259,167,142,161,77,758,285,710,141,516,226,479,90,221,287,221,1220,170,122,398,493,200,220,245,93,3,16011
03-05-2021,158,766,362,242,6716,262,186,147,161,81,758,288,714,141,529,228,484,90,224,287,221,1234,172,125,405,501,201,221,249,94,3,16250
04-05-2021,166,793,365,245,6845,267,194,150,164,83,762,288,718,144,534,234,488,95,224,286,227,1244,174,129,420,515,203,229,253,96,3,16538
05-05-2021,169,812,367,250,7006,275,199,155,166,84,766,290,726,147,545,238,503,95,229,286,246,1254,177,131,435,527,206,244,257,96,3,16884
06-05-2021,176,838,368,258,7145,279,204,158,166,84,771,293,732,149,554,241,517,107,229,286,248,1272,180,140,451,541,211,250,263,98,3,17212
07-05-2021,183,862,368,270,7491,284,211,165,170,84,778,295,739,152,574,250,536,117,231,286,259,1294,184,150,465,556,217,262,269,99,3,17804
08-05-2021,186,887,370,277,7776,290,213,171,173,85,781,296,741,154,587,260,547,121,236,286,266,1314,188,157,478,568,228,273,272,102,3,18286
09-05-2021,191,908,372,277,8057,297,228,175,175,86,783,301,745,157,595,268,559,128,239,286,275,1327,193,170,495,585,233,282,278,108,3,18776
10-05-2021,206,934,374,284,8431,301,235,180,180,88,788,304,753,159,617,280,562,137,247,286,287,1334,196,177,506,600,235,293,284,111,3,19372
11-05-2021,209,962,376,298,8690,308,247,186,185,93,793,307,759,162,633,285,567,144,250,289,290,1346,199,180,516,616,238,311,292,118,3,19852
12-05-2021,211,979,378,310,8964,315,255,192,187,95,795,308,767,166,652,295,590,154,252,301,300,1355,202,185,542,630,244,319,300,122,3,20368
13-05-2021,211,993,378,323,9125,319,260,198,188,96,800,308,776,171,662,304,591,159,255,305,311,1370,206,189,552,641,250,333,308,127,3,20712
14-05-2021,225,1019,382,335,9246,323,266,203,191,98,803,309,781,175,682,313,612,167,256,311,324,1382,209,202,557,660,253,348,317,133,3,21085
15-05-2021,239,1047,389,345,9340,329,274,208,194,102,806,311,789,179,693,319,633,171,261,321,334,1397,213,208,572,678,260,352,326,141,3,21434
16-05-2021,241,1073,393,362,9483,335,282,214,197,106,813,312,798,183,711,330,643,179,267,332,349,1405,217,213,586,689,265,376,335,145,3,21837
17-05-2021,245,1090,399,375,9722,339,290,220,200,107,819,315,803,187,740,340,658,183,275,334,359,1410,221,219,601,703,270,391,344,151,3,22313
18-05-2021,246,1118,404,394,10020,343,298,225,202,108,826,319,806,192,758,346,665,186,277,344,363,1423,224,222,616,718,273,413,352,154,3,22838
19-05-2021,247,1141,415,407,10238,347,306,234,206,111,828,320,816,197,767,357,683,189,283,358,372,1437,227,228,635,737,278,427,357,155,3,23306
20-05-2021,247,1163,415,444,10527,352,312,239,212,115,836,321,826,202,790,365,694,191,292,366,382,1453,231,232,652,758,284,429,361,160,3,23854
21-05-2021,248,1186,415,474,10656,352,316,245,217,117,843,322,835,207,797,372,698,196,299,370,391,1465,235,234,672,774,291,451,365,161,3,24207
22-05-2021,253,1205,429,509,10856,356,323,254,222,118,852,326,844,211,810,378,705,199,305,376,398,1474,239,237,686,792,295,471,368,164,3,24658
23-05-2021,257,1223,442,539,11216,359,327,261,225,123,858,329,853,215,821,386,720,202,311,388,411,1496,242,244,699,805,299,488,373,167,3,25282
24-05-2021,264,1242,459,557,11513,361,340,267,232,128,861,332,868,217,835,393,729,206,320,392,415,1507,246,246,715,816,303,494,378,172,3,25811
25-05-2021,265,1262,483,568,11863,363,348,269,238,128,871,335,880,222,846,400,740,209,331,394,421,1524,249,249,734,830,307,509,384,174,3,26399
26-05-2021,268,1284,497,603,12148,366,361,273,239,131,882,338,892,226,855,407,749,210,335,399,426,1538,253,254,748,844,312,519,390,179,3,26929
27-05-2021,270,1306,512,616,12421,368,370,284,240,136,887,340,907,231,862,411,754,213,338,402,430,1556,256,255,755,858,314,532,394,184,3,27405
28-05-2021,273,1323,522,627,12613,371,374,292,247,138,892,342,921,236,875,416,759,215,338,408,437,1576,260,255,768,873,319,543,398,192,3,27806
29-05-2021,275,1337,531,643,12891,374,381,298,252,139,899,347,940,241,884,423,762,219,342,408,441,1604,264,255,782,886,322,558,402,195,3,28298
30-05-2021,277,1350,536,653,13104,376,386,299,253,141,904,355,959,246,895,433,766,222,345,413,445,1611,267,258,794,894,324,565,406,199,3,28679
31-05-2021,281,1358,551,663,13346,377,389,304,257,142,911,356,969,250,907,440,768,223,347,421,448,1624,271,261,807,902,328,575,410,201,3,29090
01-06-2021,281,1372,570,674,13622,379,392,309,259,149,916,361,978,254,918,446,775,227,350,429,451,1639,274,264,820,911,331,583,416,201,3,29554
02-06-2021,282,1380,587,686,13929,379,396,317,261,152,921,366,983,258,930,452,779,228,352,436,453,1651,277,265,830,918,333,592,420,201,3,30017
03-06-2021,285,1387,597,697,14276,381,406,321,263,153,926,373,987,262,944,460,781,229,354,446,467,1663,281,266,837,925,333,603,424,201,3,30531
04-06-2021,286,1395,603,706,14482,383,410,325,267,154,935,381,991,265,953,467,787,229,364,452,469,1681,285,270,845,931,336,612,426,202,3,30895
05-06-2021,286,1404,621,714,14688,384,416,329,267,155,943,385,999,269,961,473,788,231,374,457,474,1703,289,271,854,935,337,618,430,202,3,31260
06-06-2021,286,1410,636,716,14875,384,422,330,272,156,948,391,1008,273,969,479,789,235,382,458,474,1722,291,271,860,941,339,624,434,202,3,31580
07-06-2021,289,1419,651,721,15074,385,423,332,277,157,951,396,1016,275,979,489,790,236,388,464,477,1739,294,274,869,945,341,626,438,202,3,31920
08-06-2021,294,1423,655,729,15118,386,426,337,280,157,956,400,1025,277,988,500,794,239,392,468,480,1754,294,276,879,951,343,631,440,204,3,32099
09-06-2021,295,1434,663,737,15168,387,431,338,283,158,959,407,1034,279,996,512,794,239,399,472,480,1776,296,277,888,959,347,633,443,204,3,32291
10-06-2021,298,1439,675,745,15215,388,432,344,286,161,967,414,1042,282,1006,518,800,241,406,474,484,1794,299,278,896,964,349,635,446,204,3,32485
11-06-2021,302,1448,680,751,15263,388,433,346,288,162,970,418,1051,285,1008,528,801,242,409,476,486,1814,301,279,903,969,350,637,449,204,3,32644
12-06-2021,302,1457,690,759,15284,388,433,351,291,165,974,424,1061,287,1016,533,806,244,411,478,487,1834,301,279,909,974,352,639,452,204,3,32788
13-06-2021,302,1464,699,762,15307,388,436,351,295,165,975,431,1070,288,1023,536,806,245,413,481,487,1859,303,279,912,977,356,642,454,204,3,32913
14-06-2021,304,1470,704,765,15319,388,436,353,297,166,981,441,1080,288,1026,541,807,248,416,483,490,1884,305,279,918,980,358,643,455,205,3,33033
15-06-2021,304,1475,707,768,15335,388,436,356,299,166,986,448,1088,288,1032,544,807,250,420,485,492,1910,306,281,923,983,359,648,456,205,3,33148
16-06-2021,304,1482,721,774,15354,388,437,360,303,166,996,455,1097,290,1036,544,807,252,423,488,499,1938,306,283,927,988,361,651,457,206,3,33296
17-06-2021,304,1487,727,776,15371,388,441,364,308,166,1007,466,1106,290,1043,547,808,252,428,492,502,1964,308,284,932,989,364,653,458,206,3,33434
18-06-2021,307,1501,732,779,15410,388,441,369,312,167,1021,476,1115,291,1052,551,808,252,435,495,505,1979,310,285,938,992,367,656,459,206,3,33602
19-06-2021,307,1511,740,783,15433,388,442,371,319,171,1037,487,1123,292,1055,557,808,253,441,498,513,1996,312,286,945,994,370,661,461,206,3,33763
20-06-2021,308,1523,741,783,15445,389,443,372,322,173,1048,494,1134,293,1060,562,808,254,445,499,521,2013,313,286,950,996,371,666,462,206,3,33883
21-06-2021,308,1535,742,787,15473,390,444,373,325,173,1062,501,1142,294,1063,567,808,256,449,502,523,2035,315,289,955,999,372,671,463,206,3,34025
22-06-2021,309,1542,747,790,15499,390,444,376,328,175,1077,510,1149,294,1070,569,808,258,458,502,531,2046,316,289,959,1004,374,676,465,206,3,34164
23-06-2021,309,1552,752,793,15523,390,444,379,330,177,1090,518,1158,294,1076,569,808,259,460,502,534,2064,316,289,963,1006,378,678,467,206,3,34287
24-06-2021,310,1562,753,799,15537,391,445,379,336,179,1105,521,1168,294,1085,575,809,261,467,504,535,2086,316,289,968,1008,385,680,469,206,3,34425
25-06-2021,313,1571,755,802,15554,391,447,381,339,179,1119,526,1177,294,1087,578,809,262,467,504,538,2108,318,291,972,1011,387,680,470,206,3,34539
26-06-2021,314,1579,765,805,15570,391,450,381,339,179,1133,531,1184,296,1092,579,810,263,468,505,539,2130,319,291,976,1014,389,681,472,206,3,34654
27-06-2021,314,1587,771,805,15581,391,451,381,339,179,1148,533,1190,298,1096,581,810,265,472,506,541,2145,320,291,981,1015,390,681,472,206,3,34743
28-06-2021,314,1596,775,807,15599,392,451,382,341,179,1162,537,1195,300,1101,584,810,266,473,506,544,2153,321,292,984,1017,392,682,472,206,3,34836
29-06-2021,314,1604,777,808,15615,392,453,384,343,179,1177,541,1200,302,1103,592,810,267,474,506,547,2163,322,294,987,1020,392,682,472,206,3,34929
30-06-2021,315,1613,779,810,15626,392,455,385,344,180,1192,553,1206,304,1107,597,812,267,477,508,550,2177,323,294,993,1022,392,685,473,206,3,35040
01-07-2021,315,1619,785,815,15644,393,455,385,345,180,1206,556,1213,306,1108,599,813,269,482,509,554,2182,323,294,997,1024,393,687,474,206,3,35134
02-07-2021,317,1629,786,816,15655,394,456,388,346,181,1219,557,1220,307,1111,602,814,271,485,509,561,2187,323,294,1000,1026,396,689,474,206,3,35222
03-07-2021,317,1638,793,819,15665,394,457,391,347,181,1232,558,1226,308,1115,603,814,271,486,510,567,2194,323,296,1003,1027,397,692,475,206,3,35308
04-07-2021,317,1645,794,822,15668,394,458,391,347,181,1240,562,1231,309,1116,604,814,271,489,511,569,2203,323,296,1006,1030,399,692,476,206,3,35367
05-07-2021,317,1654,797,824,15675,394,459,391,348,181,1252,564,1235,310,1118,605,814,272,492,511,573,2209,324,298,1008,1033,399,692,476,206,3,35434
06-07-2021,317,1660,802,826,15690,395,462,394,350,182,1265,567,1242,310,1121,607,814,272,499,511,576,2217,324,299,1011,1036,400,692,476,206,3,35526
07-07-2021,317,1667,807,828,15702,395,463,394,353,182,1279,569,1248,310,1122,607,814,276,503,512,579,2220,325,300,1014,1038,400,692,476,206,3,35601
08-07-2021,317,1678,809,828,15711,395,463,395,355,182,1287,573,1253,310,1123,607,814,276,504,512,581,2226,325,301,1019,1041,401,692,476,206,3,35663
09-07-2021,319,1678,813,828,15723,395,466,395,357,182,1296,578,1258,311,1124,610,814,276,506,513,584,2233,325,301,1022,1044,402,692,477,206,3,35731
10-07-2021,320,1678,819,828,15728,395,469,395,358,183,1305,580,1258,311,1126,611,815,276,510,513,588,2235,325,301,1024,1047,403,692,477,206,3,35779
11-07-2021,321,1678,825,829,15736,395,470,397,359,183,1312,581,1262,312,1131,613,815,276,515,513,589,2237,325,302,1027,1049,403,694,477,206,3,35835
12-07-2021,322,1679,827,831,15745,395,470,398,360,183,1322,581,1263,313,1132,614,815,278,518,514,593,2247,326,303,1030,1052,404,694,478,206,3,35896
13-07-2021,323,1679,829,833,15753,395,470,400,362,183,1331,583,1264,313,1134,615,815,278,525,514,594,2250,326,303,1033,1053,404,695,478,206,3,35944
14-07-2021,323,1681,833,836,15761,395,470,403,363,183,1337,584,1264,313,1136,616,815,279,527,514,595,2256,326,303,1034,1055,404,695,479,206,3,35989
15-07-2021,323,1681,837,838,15771,395,471,406,364,183,1344,584,1266,313,1137,616,815,279,529,515,597,2261,327,304,1037,1056,405,695,479,206,3,36037
16-07-2021,323,1681,839,840,15781,395,473,407,364,183,1354,584,1267,313,1138,616,815,280,532,515,598,2266,327,304,1038,1057,405,696,479,206,3,36079
17-07-2021,323,1681,845,841,15787,395,474,408,364,183,1359,584,1268,313,1141,616,815,280,536,515,601,2273,327,304,1039,1059,406,696,479,206,3,36121
18-07-2021,323,1681,845,843,15796,395,475,409,364,184,1365,585,1268,313,1141,616,815,281,539,515,602,2277,327,304,1041,1060,408,697,479,206,3,36157
19-07-2021,324,1681,848,845,15802,395,476,410,364,185,1369,585,1268,313,1145,617,815,284,541,515,603,2281,327,304,1043,1062,409,698,479,206,3,36197
20-07-2021,324,1681,849,845,15807,395,476,411,364,185,1372,585,1269,313,1148,619,816,285,543,515,605,2284,327,304,1044,1064,410,698,479,206,3,36226
21-07-2021,325,1681,850,845,15814,395,478,412,364,186,1378,586,1271,313,1151,619,816,285,546,515,606,2285,327,304,1046,1065,411,699,480,206,3,36262
22-07-2021,327,1681,854,846,15817,395,480,413,365,186,1381,586,1273,313,1153,619,816,286,550,515,607,2286,327,305,1048,1065,411,699,480,206,3,36293
23-07-2021,327,1682,855,847,15820,395,481,413,365,186,1385,587,1275,314,1153,620,816,287,554,515,608,2289,327,305,1050,1066,412,700,480,206,3,36323
24-07-2021,327,1682,856,847,15829,395,481,413,367,186,1389,587,1276,314,1153,621,816,288,555,515,610,2291,327,306,1051,1067,412,701,481,206,3,36352
25-07-2021,327,1682,858,847,15832,396,481,414,368,186,1390,587,1276,314,1155,623,816,289,557,515,611,2293,327,306,1052,1068,412,701,482,206,3,36374
26-07-2021,327,1682,860,847,15835,396,481,414,369,186,1394,587,1276,314,1156,626,817,289,559,515,613,2296,327,307,1053,1069,413,704,484,206,3,36405
27-07-2021,327,1683,863,849,15840,396,481,414,370,186,1394,587,1276,314,1160,626,817,290,562,516,614,2298,328,308,1054,1071,414,706,484,206,3,36437
28-07-2021,327,1683,863,851,15843,396,481,415,371,186,1399,587,1276,314,1161,626,817,291,562,516,615,2299,328,308,1055,1071,416,706,484,206,3,36456
29-07-2021,327,1683,864,852,15852,396,483,415,372,186,1407,587,1277,314,1161,626,817,292,564,516,616,2301,328,309,1056,1072,417,708,484,206,3,36491
30-07-2021,327,1683,865,854,15861,396,483,415,374,186,1414,587,1278,314,1162,626,818,293,566,516,616,2303,328,309,1057,1072,418,710,485,206,3,36525
31-07-2021,327,1683,865,855,15872,396,483,416,376,186,1421,587,1278,314,1166,627,818,294,568,516,616,2305,328,310,1058,1072,419,711,486,206,3,36562
01-08-2021,327,1683,865,855,15880,396,484,417,376,186,1427,587,1278,314,1169,627,818,294,570,516,616,2305,328,310,1059,1072,420,713,486,206,3,36587
02-08-2021,327,1683,865,857,15885,396,484,418,376,186,1431,587,1278,314,1169,627,818,296,572,516,617,2309,328,310,1059,1074,420,715,486,206,3,36612
03-08-2021,327,1684,866,857,15892,396,484,420,377,186,1439,587,1280,315,1171,627,818,297,574,516,617,2313,329,310,1060,1076,421,716,486,206,3,36650
04-08-2021,327,1684,867,858,15896,396,485,420,377,187,1445,587,1280,315,1173,627,818,297,576,516,620,2317,329,310,1060,1077,423,716,488,206,3,36680
05-08-2021,327,1684,870,858,15901,396,485,420,377,187,1448,587,1280,316,1173,628,818,298,579,517,622,2319,329,310,1060,1077,425,717,488,206,3,36705
06-08-2021,327,1685,870,858,15908,396,485,422,377,189,1451,587,1282,316,1176,629,818,298,584,517,625,2323,329,310,1061,1077,427,717,488,206,3,36741
07-08-2021,327,1685,871,858,15913,396,485,422,377,189,1455,588,1284,316,1182,630,818,298,589,517,627,2324,329,311,1061,1077,429,717,489,206,3,36773
08-08-2021,327,1685,872,858,15914,396,485,422,377,189,1461,589,1286,316,1185,630,818,298,592,517,627,2325,329,311,1061,1077,429,719,489,206,3,36793
09-08-2021,327,1685,872,859,15915,396,485,423,377,189,1464,590,1288,316,1187,631,818,298,595,517,627,2326,329,311,1062,1079,432,721,489,206,3,36817
10-08-2021,327,1685,873,860,15918,396,485,423,377,190,1472,590,1289,316,1190,631,818,299,597,518,628,2328,329,311,1062,1080,433,725,489,206,3,36848
11-08-2021,327,1685,876,861,15923,396,485,423,377,192,1477,590,1289,316,1193,631,818,301,600,518,630,2331,329,311,1063,1080,434,727,489,206,3,36881
12-08-2021,327,1685,878,862,15928,396,486,423,377,194,1482,591,1290,316,1195,631,818,301,603,518,631,2332,329,311,1065,1082,435,727,489,206,3,36911
13-08-2021,327,1685,880,862,15933,396,487,423,377,196,1485,592,1290,316,1197,631,818,301,606,518,631,2332,329,311,1065,1084,436,727,489,206,3,36933
14-08-2021,327,1685,880,862,15934,396,488,423,377,199,1492,592,1291,316,1200,631,818,301,609,518,633,2333,329,311,1066,1084,437,728,489,206,3,36958
15-08-2021,327,1685,881,862,15937,396,488,423,377,201,1496,592,1291,316,1203,631,818,302,611,518,634,2334,329,311,1066,1084,439,729,489,206,3,36979
16-08-2021,327,1685,881,862,15941,396,488,423,378,203,1501,592,1291,316,1206,631,818,305,613,518,635,2338,329,311,1066,1084,439,731,490,206,3,37007
17-08-2021,327,1686,882,862,15951,396,488,423,378,203,1506,593,1291,316,1208,631,818,307,615,518,636,2340,329,311,1068,1085,440,732,490,206,3,37039
18-08-2021,327,1686,884,864,15953,396,489,423,378,203,1509,594,1291,316,1208,631,818,307,616,518,636,2343,329,311,1069,1087,442,733,490,207,3,37061
19-08-2021,327,1686,885,864,15955,396,489,423,378,203,1516,595,1292,316,1209,633,818,309,616,518,638,2346,329,312,1070,1088,444,733,490,207,3,37088
20-08-2021,327,1686,885,864,15956,396,489,423,378,203,1522,596,1293,316,1209,634,818,309,617,518,639,2348,329,312,1070,1089,444,735,490,207,3,37105
21-08-2021,327,1687,886,865,15957,396,489,423,378,203,1526,597,1293,316,1211,635,818,309,619,518,639,2349,329,313,1072,1089,444,735,490,207,3,37123
22-08-2021,328,1687,886,865,15959,396,490,423,379,203,1530,598,1295,316,1212,635,818,309,620,518,641,2350,329,313,1072,1091,446,735,491,207,3,37145
23-08-2021,328,1687,887,865,15959,396,490,423,379,203,1533,598,1295,316,1214,635,818,310,620,518,641,2351,329,313,1072,1092,447,735,491,207,3,37155
24-08-2021,328,1687,887,865,15970,396,491,423,379,203,1537,598,1295,316,1216,635,819,310,620,518,643,2352,329,313,1072,1093,448,739,492,207,3,37184
25-08-2021,329,1688,887,867,15973,397,492,423,381,203,1543,598,1295,316,1217,635,819,310,620,518,643,2353,329,313,1072,1093,451,739,492,207,3,37206
26-08-2021,329,1688,887,869,15975,397,492,423,382,203,1553,598,1297,316,1217,636,819,311,620,518,643,2356,329,313,1072,1094,453,739,492,207,3,37231
27-08-2021,329,1688,887,871,15977,397,492,423,383,203,1554,598,1298,316,1220,636,819,313,620,518,643,2358,329,313,1073,1095,454,739,492,207,3,37248
28-08-2021,329,1688,887,872,15977,397,493,423,383,203,1559,598,1298,316,1222,637,819,313,621,518,643,2358,329,313,1074,1095,455,739,492,207,3,37261
29-08-2021,329,1689,887,873,15983,397,493,423,383,203,1562,598,1298,316,1224,637,819,314,622,518,643,2358,329,314,1074,1095,455,740,492,207,3,37278
30-08-2021,329,1689,890,873,15986,397,493,424,384,203,1563,598,1298,316,1225,637,819,314,622,518,643,2358,329,314,1075,1096,458,740,492,207,3,37293
31-08-2021,329,1689,891,873,15993,397,494,424,384,203,1569,598,1298,316,1225,637,819,316,623,518,643,2362,329,314,1075,1097,459,740,493,207,3,37318
01-09-2021,329,1689,891,873,16000,397,495,424,385,203,1574,599,1298,316,1227,637,819,316,623,518,643,2362,329,314,1075,1098,462,740,493,207,3,37339
02-09-2021,329,1689,894,874,16004,398,496,424,385,203,1579,599,1298,316,1227,637,819,316,624,518,645,2364,329,314,1075,1099,463,740,493,207,3,37361
03-09-2021,329,1689,894,875,16012,398,496,424,385,203,1583,599,1299,316,1227,637,819,316,625,518,646,2364,329,314,1075,1099,463,742,494,207,3,37380
04-09-2021,329,1689,894,875,16019,398,496,424,385,203,1588,599,1300,316,1229,638,819,316,626,518,646,2366,329,314,1075,1099,464,743,494,207,3,37401
05-09-2021,329,1689,895,875,16024,398,496,424,385,203,1589,599,1300,316,1229,638,819,316,626,518,646,2367,329,314,1075,1099,464,743,494,207,3,37409
06-09-2021,330,1689,895,875,16032,398,496,424,385,203,1591,599,1300,316,1230,640,819,316,626,518,646,2367,329,314,1075,1100,465,744,494,207,3,37426
07-09-2021,330,1689,895,875,16035,398,496,424,385,203,1595,599,1300,316,1231,640,819,318,626,518,646,2369,329,314,1077,1100,465,745,494,207,3,37441
08-09-2021,330,1689,895,876,16040,398,496,424,385,203,1598,599,1300,316,1231,640,819,318,626,518,646,2371,329,314,1078,1101,465,749,494,207,3,37458
09-09-2021,330,1689,895,876,16043,398,496,424,385,203,1598,599,1300,316,1232,640,819,318,626,518,646,2371,329,314,1078,1101,465,749,494,207,3,37462
10-09-2021,330,1689,897,876,16045,398,496,424,386,203,1600,599,1300,316,1233,640,819,319,626,518,647,2371,329,314,1078,1101,465,749,494,207,3,37472
11-09-2021,330,1689,899,876,16053,398,497,424,390,203,1606,599,1301,316,1235,640,819,321,626,518,647,2375,329,314,1078,1101,466,750,494,207,3,37504
12-09-2021,330,1689,900,877,16056,398,497,424,390,203,1611,599,1301,316,1235,640,819,322,626,518,647,2375,329,314,1079,1102,466,750,494,207,3,37517
13-09-2021,330,1689,900,877,16060,398,497,424,390,203,1616,599,1301,316,1235,640,819,323,626,518,647,2375,329,314,1080,1102,466,751,494,207,3,37529
14-09-2021,330,1689,900,877,16065,398,497,424,390,203,1617,599,1301,316,1235,640,819,323,626,518,647,2375,329,314,1080,1103,467,751,494,207,3,37537
15-09-2021,330,1689,904,877,16070,398,498,424,390,203,1619,600,1301,316,1236,640,819,324,627,518,647,2376,329,314,1080,1104,467,751,494,207,3,37555
16-09-2021,330,1689,907,878,16076,398,499,424,391,203,1621,600,1302,316,1236,640,819,324,627,518,647,2377,330,314,1080,1104,467,752,494,207,3,37573
17-09-2021,330,1689,907,878,16082,398,499,424,391,203,1623,600,1302,316,1237,640,819,324,628,518,647,2377,330,314,1081,1105,469,752,494,207,3,37587
18-09-2021,330,1689,911,878,16089,398,499,424,391,203,1624,601,1302,316,1238,640,819,324,628,518,647,2377,330,314,1081,1105,471,752,494,207,3,37603
19-09-2021,330,1689,915,879,16096,398,499,424,391,204,1626,601,1303,316,1241,640,819,324,629,518,647,2377,330,314,1081,1105,475,752,494,207,3,37627
20-09-2021,330,1689,918,880,16104,398,499,424,391,204,1628,601,1303,316,1241,640,819,324,630,519,647,2379,330,315,1082,1105,476,752,494,207,3,37648
21-09-2021,330,1689,919,880,16110,398,499,425,391,204,1633,602,1303,316,1241,640,819,324,631,520,647,2379,330,315,1082,1106,478,752,495,207,3,37668
22-09-2021,331,1689,919,881,16117,398,499,425,391,204,1636,602,1304,316,1241,640,819,324,631,520,647,2380,330,315,1082,1107,478,752,495,207,3,37683
23-09-2021,331,1689,924,882,16125,398,499,425,391,204,1639,602,1304,316,1241,640,819,324,631,520,647,2383,330,315,1082,1108,480,752,495,207,3,37706
24-09-2021,331,1689,926,882,16129,398,499,425,393,204,1640,602,1304,316,1241,640,819,324,631,520,647,2383,330,315,1083,1108,481,752,495,207,3,37717
25-09-2021,331,1689,927,882,16132,398,499,425,393,204,1641,602,1304,316,1242,640,819,325,631,520,647,2384,330,315,1084,1108,481,752,495,207,3,37726
26-09-2021,331,1689,927,882,16132,398,499,425,393,204,1641,602,1304,316,1242,640,819,325,631,520,647,2384,330,315,1084,1108,481,752,495,207,3,37726
27-09-2021,332,1689,927,882,16137,398,499,425,394,204,1645,602,1304,316,1243,640,819,325,632,520,649,2387,330,315,1084,1109,482,752,495,207,3,37746
28-09-2021,332,1689,930,883,16143,398,499,425,395,204,1647,602,1304,316,1245,640,819,325,633,520,649,2387,330,315,1084,1109,482,753,495,207,3,37763
29-09-2021,332,1689,930,884,16150,398,499,425,395,204,1650,603,1305,317,1246,641,819,325,633,521,649,2387,330,315,1084,1109,482,753,495,207,3,37780
30-09-2021,332,1689,931,884,16155,398,499,425,395,204,1653,603,1305,317,1248,641,819,325,633,521,649,2388,330,315,1084,1110,482,754,495,207,3,37794
01-10-2021,333,1689,932,885,16160,398,499,425,395,204,1655,603,1305,317,1248,642,819,325,633,521,649,2389,330,316,1084,1110,482,754,495,207,3,37807
02-10-2021,333,1689,932,886,16161,398,499,425,395,204,1655,603,1305,317,1248,642,819,325,633,521,649,2389,330,316,1084,1110,482,756,495,207,3,37811
03-10-2021,333,1689,932,886,16164,398,499,425,395,204,1656,603,1305,317,1249,642,819,326,633,521,649,2390,330,316,1084,1111,482,756,495,207,3,37819
04-10-2021,333,1689,932,886,16169,398,499,425,395,205,1659,603,1305,317,1249,642,819,326,633,521,649,2391,330,316,1085,1112,482,757,495,207,3,37832
05-10-2021,333,1689,933,887,16173,398,499,425,395,205,1660,603,1305,318,1249,642,819,326,633,521,649,2393,330,316,1085,1113,482,759,495,207,3,37845
06-10-2021,333,1689,933,887,16175,398,499,425,395,205,1661,603,1305,318,1249,642,819,326,633,521,649,2398,330,316,1085,1114,482,759,495,207,3,37854
07-10-2021,333,1689,935,887,16177,398,499,425,395,205,1662,603,1305,318,1249,642,819,326,633,521,649,2398,330,316,1086,1115,482,759,495,207,3,37861
08-10-2021,333,1689,935,887,16180,398,499,425,395,205,1662,603,1305,318,1249,642,819,326,633,521,649,2398,330,316,1086,1116,482,760,495,207,3,37866
09-10-2021,333,1689,935,887,16183,398,499,425,395,205,1662,604,1306,318,1250,642,819,326,633,521,649,2398,330,316,1086,1118,482,761,495,207,3,37875
10-10-2021,333,1689,936,887,16188,398,499,425,395,205,1663,604,1306,318,1250,642,819,326,633,521,649,2398,330,316,1086,1119,483,762,495,207,3,37885
11-10-2021,333,1689,936,887,16193,398,499,425,395,205,1663,604,1307,318,1250,642,819,326,633,521,649,2400,330,316,1086,1119,483,764,495,207,3,37895
12-10-2021,333,1689,936,888,16198,398,499,425,395,205,1666,604,1307,318,1250,642,819,326,633,521,649,2400,330,316,1087,1119,483,765,495,207,3,37906
13-10-2021,333,1689,937,888,16203,398,499,425,395,205,1667,605,1307,318,1250,643,819,326,633,521,649,2400,330,316,1087,1120,483,765,495,207,3,37916
14-10-2021,333,1689,937,888,16205,399,499,425,395,206,1667,605,1307,318,1250,643,819,327,633,521,649,2400,331,316,1087,1120,483,765,495,207,3,37922
15-10-2021,333,1689,937,888,16206,399,500,425,395,206,1668,606,1307,318,1250,643,819,327,633,521,649,2402,331,318,1087,1120,484,765,495,207,3,37931
16-10-2021,333,1689,937,888,16209,399,500,425,395,206,1668,606,1307,319,1250,643,819,327,633,521,649,2403,331,318,1087,1120,485,765,495,207,3,37937
17-10-2021,333,1689,937,888,16210,399,500,425,395,206,1668,606,1308,319,1250,643,819,327,633,521,649,2405,331,318,1087,1120,485,765,495,207,3,37941
18-10-2021,333,1689,937,888,16214,399,500,426,395,206,1668,606,1308,319,1251,643,819,328,633,521,650,2407,331,318,1087,1121,486,765,495,207,3,37953
19-10-2021,333,1689,937,888,16219,399,500,426,395,206,1669,606,1309,319,1251,643,819,329,633,521,650,2408,331,318,1087,1122,489,766,495,207,3,37967
20-10-2021,333,1689,937,888,16225,400,500,426,395,206,1669,606,1310,319,1251,643,819,329,633,521,650,2409,331,318,1087,1122,489,766,495,207,3,37976
21-10-2021,333,1689,937,888,16229,400,500,426,395,206,1670,606,1311,319,1251,643,819,329,633,521,650,2409,331,318,1088,1123,489,766,495,207,3,37984
22-10-2021,333,1689,937,888,16236,400,500,426,395,206,1670,607,1312,319,1251,643,819,329,634,521,650,2409,331,318,1088,1124,489,766,495,207,3,37995
23-10-2021,333,1689,937,888,16240,400,500,426,395,206,1671,607,1312,319,1251,643,819,329,635,521,650,2409,331,318,1088,1125,489,766,495,207,3,38002
24-10-2021,333,1689,937,888,16244,400,500,426,395,206,1671,607,1312,319,1251,643,819,329,635,521,650,2409,331,318,1088,1126,489,766,495,207,3,38007
25-10-2021,333,1689,938,889,16250,400,500,426,395,206,1671,607,1313,319,1251,643,819,329,635,521,650,2409,331,319,1088,1126,489,766,495,207,3,38017
26-10-2021,333,1689,938,890,16253,400,500,426,395,206,1671,607,1313,319,1253,643,819,329,636,521,650,2409,331,319,1088,1126,489,766,495,207,3,38024
27-10-2021,333,1689,938,890,16259,400,500,426,395,206,1674,607,1313,319,1254,643,819,329,636,521,650,2411,331,319,1088,1127,489,766,495,207,3,38037
28-10-2021,333,1689,938,890,16266,400,500,426,395,206,1678,607,1313,319,1255,643,819,329,638,521,650,2413,331,320,1088,1127,489,766,495,207,3,38054
29-10-2021,333,1689,938,890,16270,400,500,427,395,206,1679,607,1314,319,1255,643,819,329,638,521,650,2413,331,320,1088,1127,489,766,495,207,3,38061
30-10-2021,333,1689,938,890,16274,400,500,428,395,206,1680,608,1314,319,1256,644,819,329,638,521,650,2414,331,320,1088,1127,489,766,495,207,3,38071
31-10-2021,333,1689,938,890,16281,400,500,429,395,206,1680,608,1315,319,1256,644,819,329,638,521,650,2416,331,320,1088,1127,489,766,495,207,3,38082
01-11-2021,333,1689,936,887,16193,398,499,425,395,205,1663,604,1307,318,1250,642,819,326,633,521,649,2400,330,316,1086,1119,483,764,495,207,3,37895
02-11-2021,333,1689,938,890,16284,400,500,429,395,206,1680,608,1315,319,1256,644,819,329,638,521,650,2418,331,320,1088,1128,489,767,495,207,3,38089
03-11-2021,333,1689,938,890,16285,400,500,429,395,206,1680,608,1315,319,1256,644,819,329,638,521,650,2418,331,320,1088,1128,489,768,495,207,3,38091
04-11-2021,333,1686,938,889,16292,400,502,431,396,206,1679,608,1316,319,1256,643,819,329,634,521,652,2412,331,320,1090,1131,487,771,495,206,3,38095
05-11-2021,333,1686,938,889,16293,400,502,431,396,206,1680,608,1317,319,1256,643,820,329,634,521,653,2413,332,320,1090,1131,487,771,495,206,3,38102
06-11-2021,333,1686,939,889,16293,401,502,431,396,206,1680,608,1317,319,1256,643,820,329,635,522,654,2413,332,320,1090,1131,487,771,495,206,3,38107
07-11-2021,333,1686,940,889,16295,401,502,431,396,206,1680,608,1317,319,1256,643,820,329,635,522,654,2415,332,320,1090,1131,487,771,495,206,3,38112
08-11-2021,333,1686,940,889,16296,401,502,431,396,206,1680,608,1317,319,1256,643,820,329,635,523,654,2417,332,320,1090,1132,488,771,495,206,3,38118
09-11-2021,333,1686,941,889,16298,401,502,431,396,206,1681,608,1317,319,1256,643,820,329,635,523,654,2417,332,320,1090,1132,488,771,495,206,3,38122
10-11-2021,333,1686,941,890,16303,401,502,431,396,206,1683,608,1317,319,1256,643,820,329,635,523,654,2417,332,321,1090,1132,488,771,495,206,3,38131
