district,Dose_1,18-01-2021,19-01-2021,20-01-2021,21-01-2021,22-01-2021,23-01-2021,24-01-2021,25-01-2021,26-01-2021,27-01-2021,28-01-2021,29-01-2021,30-01-2021,02-02-2021,03-02-2021,04-02-2021,05-02-2021,06-02-2021,07-02-2021,08-02-2021,09-02-2021,10-02-2021,11-02-2021,12-02-2021,13-02-2021,14-02-2021,15-02-2021,16-02-2021,17-02-2021,18-02-2021,19-02-2021,20-02-2021,21-02-2021,22-02-2021,24-02-2021,25-02-2021,26-02-2021,01-03-2021,02-03-2021,03-03-2021,04-03-2021,05-03-2021,06-03-2021,07-03-2021,08-03-2021,09-03-2021,10-03-2021,11-03-2021,12-03-2021,13-03-2021,14-03-2021,15-03-2021,16-03-2021,17-03-2021,18-03-2021,19-03-2021,20-03-2021,21-03-2021,22-03-2021,23-03-2021,24-03-2021,25-03-2021,26-03-2021,27-03-2021,28-03-2021,29-03-2021,30-03-2021,31-03-2021,01-04-2021,02-04-2021,03-04-2021,04-04-2021,05-04-2021,06-04-2021,07-04-2021,08-04-2021,09-04-2021,10-04-2021,11-04-2021,12-04-2021,13-04-2021,14-04-2021,15-04-2021,16-04-2021,17-04-2021,18-04-2021,19-04-2021,20-04-2021,21-04-2021,22-04-2021,23-04-2021,24-04-2021,26-04-2021,27-04-2021,28-04-2021,29-04-2021,30-04-2021,01-05-2021,02-05-2021,03-05-2021,04-05-2021,05-05-2021,06-05-2021,07-05-2021,08-05-2021,09-05-2021,10-05-2021,11-05-2021,13-05-2021,14-05-2021,15-05-2021,16-05-2021,17-05-2021,18-05-2021,19-05-2021,20-05-2021,21-05-2021,22-05-2021,23-05-2021,24-05-2021,25-05-2021,26-05-2021,27-05-2021,28-05-2021,29-05-2021,30-05-2021,31-05-2021,01-06-2021,02-06-2021,03-06-2021,04-06-2021,05-06-2021,06-06-2021,07-06-2021,08-06-2021,09-06-2021,10-06-2021,11-06-2021,12-06-2021,13-06-2021,14-06-2021,15-06-2021,16-06-2021,17-06-2021,18-06-2021,19-06-2021,20-06-2021,21-06-2021,22-06-2021,23-06-2021,24-06-2021,25-06-2021,26-06-2021,27-06-2021,28-06-2021,29-06-2021,30-06-2021,01-07-2021,02-07-2021,03-07-2021,04-07-2021,05-07-2021,06-07-2021,07-07-2021,08-07-2021,09-07-2021,10-07-2021,11-07-2021,12-07-2021,13-07-2021,14-07-2021,15-07-2021,16-07-2021,17-07-2021,18-07-2021,19-07-2021,21-07-2021,22-07-2021,23-07-2021,24-07-2021,25-07-2021,26-07-2021,27-07-2021,28-07-2021,29-07-2021,30-07-2021,31-07-2021,01-08-2021,02-08-2021,03-08-2021,04-08-2021,05-08-2021,06-08-2021,07-08-2021,08-08-2021,09-08-2021,10-08-2021,11-08-2021,12-08-2021,13-08-2021,14-08-2021,15-08-2021,16-08-2021,17-08-2021,18-08-2021,19-08-2021,20-08-2021,21-08-2021,22-08-2021,23-08-2021,24-08-2021,25-08-2021,26-08-2021,27-08-2021,28-08-2021,29-08-2021,30-08-2021,31-08-2021,01-09-2021,02-09-2021,Dose_2,18-01-2021,19-01-2021,20-01-2021,21-01-2021,22-01-2021,23-01-2021,24-01-2021,25-01-2021,26-01-2021,27-01-2021,28-01-2021,29-01-2021,30-01-2021,02-02-2021,03-02-2021,04-02-2021,05-02-2021,06-02-2021,07-02-2021,08-02-2021,09-02-2021,10-02-2021,11-02-2021,12-02-2021,13-02-2021,14-02-2021,15-02-2021,16-02-2021,17-02-2021,18-02-2021,19-02-2021,20-02-2021,21-02-2021,22-02-2021,24-02-2021,25-02-2021,26-02-2021,01-03-2021,02-03-2021,03-03-2021,04-03-2021,05-03-2021,06-03-2021,07-03-2021,08-03-2021,09-03-2021,10-03-2021,11-03-2021,12-03-2021,13-03-2021,14-03-2021,15-03-2021,16-03-2021,17-03-2021,18-03-2021,19-03-2021,20-03-2021,21-03-2021,22-03-2021,23-03-2021,24-03-2021,25-03-2021,26-03-2021,27-03-2021,28-03-2021,29-03-2021,30-03-2021,31-03-2021,01-04-2021,02-04-2021,03-04-2021,04-04-2021,05-04-2021,06-04-2021,07-04-2021,08-04-2021,09-04-2021,10-04-2021,11-04-2021,12-04-2021,13-04-2021,14-04-2021,15-04-2021,16-04-2021,17-04-2021,18-04-2021,19-04-2021,20-04-2021,21-04-2021,22-04-2021,23-04-2021,24-04-2021,26-04-2021,27-04-2021,28-04-2021,29-04-2021,30-04-2021,01-05-2021,02-05-2021,03-05-2021,04-05-2021,05-05-2021,06-05-2021,07-05-2021,08-05-2021,09-05-2021,10-05-2021,11-05-2021,13-05-2021,14-05-2021,15-05-2021,16-05-2021,17-05-2021,18-05-2021,19-05-2021,20-05-2021,21-05-2021,22-05-2021,23-05-2021,24-05-2021,25-05-2021,26-05-2021,27-05-2021,28-05-2021,29-05-2021,30-05-2021,31-05-2021,01-06-2021,02-06-2021,03-06-2021,04-06-2021,05-06-2021,06-06-2021,07-06-2021,08-06-2021,09-06-2021,10-06-2021,11-06-2021,12-06-2021,13-06-2021,14-06-2021,15-06-2021,16-06-2021,17-06-2021,18-06-2021,19-06-2021,20-06-2021,21-06-2021,22-06-2021,23-06-2021,24-06-2021,25-06-2021,26-06-2021,27-06-2021,28-06-2021,29-06-2021,30-06-2021,01-07-2021,02-07-2021,03-07-2021,04-07-2021,05-07-2021,06-07-2021,07-07-2021,08-07-2021,09-07-2021,10-07-2021,11-07-2021,12-07-2021,13-07-2021,14-07-2021,15-07-2021,16-07-2021,17-07-2021,18-07-2021,19-07-2021,21-07-2021,22-07-2021,23-07-2021,24-07-2021,25-07-2021,26-07-2021,27-07-2021,28-07-2021,29-07-2021,30-07-2021,31-07-2021,01-08-2021,02-08-2021,03-08-2021,04-08-2021,05-08-2021,06-08-2021,07-08-2021,08-08-2021,09-08-2021,10-08-2021,11-08-2021,12-08-2021,13-08-2021,14-08-2021,15-08-2021,16-08-2021,17-08-2021,18-08-2021,19-08-2021,20-08-2021,21-08-2021,22-08-2021,23-08-2021,24-08-2021,25-08-2021,26-08-2021,27-08-2021,28-08-2021,29-08-2021,30-08-2021,31-08-2021,01-09-2021,02-09-2021
Bagalakote, ,112,738,689,251,1120,0,0,615,0,343,226,512,365,0,0,225,627,684,0,595,279,234,8418,8738,10171,8881,8906,8929,9041,9598,9700,10093,10469,10915,12286,12952,13886,13658,14057,14289,14521,14671,14941,14941,15317,15654,16095,16125,16755,16793,16793,18697,23684,28548,35498,44827,52838,60389,64258,72317,79883,86275,94872,97252,100204,101950,104172,107939,111905,121073,130628,137543,141741,149154,151861,163763,170871,176202,181271,183133,184936,185543,187926,189025,190360,195134,196485,197653,201333,202986,212613,214938,218039,219960,221637,223439,224546,225739,226408,226741,226888,227455,228784,231742,232473,232889,232983,233786,237513,237832,238254,238705,239739,241802,243516,244692,256940,260723,261846,265360,267502,270427,273911,278031,281738,284109,287744,291725,294448,297498,300520,304415,307121,309462,315334,322490,326354,332390,337053,340601,344824,350684,354468,357509,359270,365513,367695,377262,397496,404093,408420,415272,417219,418629,426312,436513,442706,448730,457378,464252,468553,475476,482310,485995,491162,497216,502999,504869,513929,513929,526465,526465,533332,535760,537086,542073,546836,549280,552946,556629,562451,564287,567958,570964,575711,579285,583854,590790,600730,618877,625063,630140,634096,637041,638770,642278,649519,658591,660855,662546,664839,667870,672300,681319,696840,712125,716972,716972,722232,727271,737799,745032,749408,763619,788799,795956,804274,817478,834894,854135, ,0,0,0,0,0,0,0,0,0,0,0,0,0,0,0,0,0,0,0,0,0,0,0,0,0,0,136,298,996,1190,2406,1890,1894,2712,3194,3379,3689,3459,3844,3886,4027,4095,4279,4279,4592,4898,5197,5267,5411,5425,5425,5480,5694,5858,6008,6197,6489,6825,7124,7143,7372,7566,7846,7950,8141,8203,8318,8479,8634,8800,8933,9166,9233,9430,9539,9955,10333,10444,10620,10847,11198,11349,12040,12186,12694,14587,15112,16154,18070,20243,23025,24539,26363,27822,29166,30594,31455,32407,32830,33179,33350,34074,35389,39361,42177,44058,45254,47374,52124,52483,55701,58120,59488,61055,62415,63086,63524,66012,66345,67300,68087,69168,70546,71871,72712,73158,74112,75075,76161,77395,78593,80655,81612,82780,85017,86394,87358,88743,89784,90842,91563,93387,95331,97177,98337,100442,101900,103991,107362,108399,109761,111355,112460,112773,115240,119179,121378,122847,124934,127559,129268,131641,133883,134564,136219,137881,139573,140061,141931,141931,143112,143112,144936,145669,146079,147658,149290,150254,151530,152898,154404,155192,156345,157434,159170,160648,162337,163132,166039,169668,171704,173313,175054,176003,176477,177433,179928,182397,183211,184146,185275,185793,187191,189927,194416,198781,201175,201175,205536,209162,213323,216227,218197,222264,227975,229609,231689,234147,238342,243118
Ballari, ,1333,161,2048,114,1474,0,387,1696,52,435,102,442,0,0,0,238,664,1429,0,896,1178,982,15638,16158,24946,16838,17169,17272,17448,17577,17835,17980,17980,18068,20046,20551,20706,20766,21434,21871,23321,24217,25394,25394,26132,27575,28539,29250,30742,35192,35192,43810,52519,68682,77588,86697,95175,97796,102238,108615,112131,114116,118740,124222,126868,131717,138246,141605,146974,160466,177949,185833,192447,201364,206351,228236,234070,251341,261237,265186,267219,268939,271507,274689,281326,299807,301491,307267,311033,314066,313219,316068,321152,327201,331723,334041,338167,343470,345197,346546,347233,350073,351787,354221,355516,355883,356227,357863,363372,364373,364831,365300,367568,371216,374976,377697,398777,404011,404484,407297,409983,413411,416844,420562,426185,428765,433589,438801,442564,448533,457960,466928,471200,475734,481916,488677,495339,503022,509040,511965,516317,523140,527147,530048,534961,543242,544296,576218,621104,631041,634441,659387,672919,675596,681303,687755,691583,695652,700747,708751,712641,717995,724872,730351,734086,740050,743868,745600,755077,755077,770092,770092,775922,780523,785203,796641,802417,808346,818183,824401,827252,832451,841402,846137,847919,852117,860745,868191,880201,898044,907802,914509,917188,926294,930729,934634,946734,955027,959043,960913,967020,971780,983348,999434,1003985,1005313,1005668,1005668,1016654,1022233,1031099,1042867,1052368,1066721,1081395,1085903,1096959,1110013,1128219,1144562, ,0,0,0,0,0,0,0,0,0,0,0,0,0,0,0,0,0,0,0,0,0,0,0,0,0,0,222,1098,2532,2636,3918,4610,4610,4942,6489,6993,7154,6993,7683,7764,7808,7892,8018,8018,8275,9433,9741,10249,10613,11084,11084,11707,11680,12049,12450,12667,12860,12934,12989,13186,13419,13555,13788,14118,14228,14362,14872,15177,15493,15924,16280,16672,16987,17442,17897,18775,18956,19725,20232,20810,20983,21491,22470,23377,26086,33366,34712,37817,39258,41268,39275,40704,44299,48385,51343,52780,55522,58607,59409,60452,61153,64284,66132,69503,75740,78637,80273,84572,90846,91685,96657,98731,99324,100241,100655,102043,103642,107134,107418,107638,107945,108373,108600,110405,112199,112510,113728,114801,115431,116798,118260,119756,120204,121055,122057,122954,123706,124349,124949,125386,126074,127658,129458,130590,131468,132928,133298,133890,134813,135222,135418,138195,139938,140401,142873,146820,148619,149599,150980,156151,158064,163048,167160,169607,170903,172139,174780,176558,181354,181354,184106,184106,187443,189439,190842,197097,204073,206169,212238,216995,219749,222376,227935,230771,231627,233962,237128,237543,244274,252022,256007,259511,262030,266046,267705,268971,272471,277447,278729,279692,281876,282858,288052,293027,297685,302823,307473,307473,319737,323746,330692,338471,344870,352487,359979,362717,367836,373603,380926,387425
Belagavi, ,30,438,5907,2096,3787,0,0,1826,0,1674,1052,915,432,140,270,573,1530,1903,0,1338,1859,1801,33014,33818,34091,33846,33908,34089,34155,35599,37218,37881,37881,37976,40360,41121,41969,41573,42759,43518,44079,45808,46730,46973,49259,50226,52847,52847,55361,56891,56891,61258,66119,72619,79462,87195,93752,99312,107847,121372,132027,143086,156942,163886,168089,172503,182680,196271,196303,204769,213144,215856,216781,219647,238178,263626,282105,314581,327748,336372,346861,347448,351559,352546,356262,379418,386296,403907,417801,431398,461782,474018,483726,493565,502867,507860,514738,525324,527507,528620,529458,530411,531225,534936,536363,536618,536922,538759,543593,544213,544561,544936,545884,547009,548995,551072,567036,571306,572156,575034,577308,583271,589032,594943,600558,603697,608231,613175,616451,619696,626279,635113,637292,641335,651360,656543,659934,671052,683469,696329,708751,727931,734593,738377,745262,767024,773068,809519,871958,894759,930773,956433,961006,961841,996612,1025858,1033280,1038453,1047938,1061505,1075299,1083486,1098209,1106037,1112415,1129180,1138591,1139862,1165347,1165347,1188121,1188121,1202038,1213174,1228117,1232678,1236586,1252555,1272699,1279848,1282979,1286500,1301884,1317748,1323254,1334594,1366736,1384273,1404474,1447856,1455039,1461256,1468537,1491946,1513666,1525132,1551478,1566665,1573038,1574774,1594480,1609339,1633116,1661528,1672955,1700641,1737602,1737602,1798976,1830457,1874867,1920817,1978011,2033012,2100505,2125480,2160254,2224735,2305136,2369089, ,0,0,0,0,0,0,0,0,0,0,0,0,0,0,0,0,0,0,0,0,0,0,0,0,0,0,0,382,2739,5239,9045,9979,10036,11380,13881,15048,16653,15373,16949,17152,17423,18000,19184,19317,20272,20575,21451,21451,22100,22587,22587,23069,24055,24623,25502,25866,26289,26839,27051,27816,28239,28691,29254,29501,29632,29689,29873,30376,31565,31842,32054,32324,32414,32655,33216,33819,34494,35328,35836,36078,36496,36593,37176,37333,38216,41980,43672,47778,51211,54724,61066,64294,67949,71366,75592,77780,81134,85163,85787,86894,87675,89506,90479,101718,107865,109431,112678,118647,127976,129510,132374,133553,133825,134129,134527,134841,135212,135516,135607,135746,135888,136153,136347,136616,136898,137063,137237,137482,137572,137780,138142,138582,138693,138899,139526,139867,140282,141050,141961,142837,143747,146320,147688,148853,149648,153224,154808,157467,160518,162017,165236,167145,167419,167483,171521,174584,175256,176437,178124,193110,200704,208037,216207,219154,220403,225773,228152,228396,240839,240839,243706,243706,256074,264741,271987,275129,277308,287025,296320,299837,301394,305815,314330,319501,320967,325336,333418,335177,352652,368100,370377,377577,385837,397621,402095,407151,414184,422411,426175,429837,438980,442102,448216,454052,457622,462653,466758,466758,473439,477430,482006,488223,495352,503268,512278,515692,520338,528507,540058,550021
Bengaluru Rural, ,69,916,549,285,998,0,0,501,43,443,83,414,69,0,0,111,575,43,0,196,145,144,6526,6931,6903,6931,7344,7948,8475,8725,9224,9646,9646,9988,10516,10766,10879,10835,11383,11906,12456,13182,14179,14179,15330,16180,17452,17487,18992,19534,19611,21709,23043,25876,27996,30114,32502,33144,35289,37386,39265,41234,43451,45298,46447,48861,51065,52952,55429,57334,59009,60536,61378,63020,65091,70114,71969,75817,79649,82265,83644,83911,85237,87362,90208,96245,97385,99822,101930,103850,106536,108410,112708,117669,120201,122831,126545,129615,130767,132683,134137,137463,138577,140167,140633,140702,141194,142068,143118,143302,143555,143694,144313,144996,145362,146774,153232,158813,159741,160964,161836,164532,167785,171694,176123,178363,181820,185598,188762,193998,199980,206288,208179,211277,215884,219116,223282,228293,232121,234769,237139,240673,242916,246245,248079,251824,253152,263280,279908,285391,291542,298539,302272,303721,307604,311120,314061,316005,322412,329416,331519,337120,342303,346512,349098,353101,354781,355972,360662,360662,365733,365733,369251,372132,374964,377180,378935,381911,385213,386355,387288,389223,392376,393937,394936,397521,400092,401401,409016,414842,416947,419592,419566,424749,426869,429428,431986,435407,436609,439829,442347,444714,448213,451733,453891,455265,456079,456079,464201,467829,471977,476919,482244,496721,508124,511185,517104,523896,535165,542814, ,0,0,0,0,0,0,0,0,0,0,0,0,0,0,0,0,0,0,0,0,0,0,0,0,0,0,153,317,449,652,1336,1696,1696,2266,2761,3052,3352,3052,3375,3413,3449,3531,3639,3639,3933,4038,4239,4239,4477,4503,4509,4813,5124,5463,5793,5993,6297,6391,6611,6969,7221,7391,7592,7695,7741,7825,7912,8033,8197,8325,8392,8463,8551,8590,8724,8977,9209,9416,9613,9881,10055,10220,10716,11442,12156,14030,14593,15578,16539,17704,18475,19234,20882,23036,24100,25122,26300,27289,27754,28694,29283,30885,31310,32773,34471,34904,37143,38894,40313,41666,42918,43209,43429,43518,44784,45349,45503,45840,45866,45907,45929,45957,46978,47688,48269,48493,48776,48949,49105,49315,49510,49716,49824,50069,50404,50621,50789,51061,51240,51330,51549,51900,52280,52673,52950,53601,53850,54623,55359,55598,56222,56959,57416,57541,58140,58470,58763,58966,60413,62344,62859,64599,65909,66719,67117,68908,69543,69937,72063,72063,73804,73804,75956,77677,78928,80616,82138,84503,86900,88007,88803,90387,92338,93511,93886,95723,97242,98279,102521,104899,106459,107578,108618,110547,111213,112386,113356,115176,116053,117219,118275,119112,120473,121805,122786,123601,123920,123920,128248,130284,132928,135682,138824,145440,151085,153526,156864,160067,165386,168908
Bengaluru Urban, ,5296,4288,3443,3942,7771,3669,845,6092,0,8514,5464,4009,861,0,0,2080,3432,2072,433,5377,3276,2052,105531,108421,111221,110132,111234,111967,113404,115121,117985,119956,120049,121406,127060,130544,132740,130789,136011,141910,149187,162735,171903,171903,181875,205757,225299,246179,274713,297310,312978,337361,362366,388455,409843,417811,445894,469123,480124,508036,518869,547496,566321,584148,603264,632772,634754,656858,678124,688398,698565,729945,745623,746047,760068,793965,817683,841499,871507,874617,874617,882712,916011,927139,952174,977209,982374,991727,994132,1009820,1448301,1479146,1513293,1540759,1564427,1580922,1609385,1630308,1637315,1645342,1653237,1673246,1681910,1704948,1722437,1728125,1733742,1745356,1769713,1779121,1788498,1796234,1817381,1841890,1865737,1888562,1902668,1971564,1989454,2045729,2090899,2181347,2271501,2373151,2477131,2522362,2615246,2712048,2785673,2910992,3035138,3158230,3206641,3287288,3400679,3488400,3572023,3677334,3758786,3818406,3875529,3958837,4019817,4084707,4147151,4260136,4296678,4413961,4565262,4639486,4716718,4830571,4928900,4984039,5054427,5119536,5176444,5213846,5279333,5363613,5412787,5472907,5546213,5615559,5665454,5731026,5796078,5832396,5910748,5910748,5990293,5990293,6067502,6115621,6172746,6228028,6301335,6338172,6388726,6428637,6473506,6502832,6544268,6573496,6595137,6625300,6685829,6759750,6814195,6851571,6892724,6927693,6959877,7019014,7065922,7095616,7120204,7157303,7172440,7210457,7253987,7289337,7321814,7356217,7378748,7399545,7412675,7412675,7486228,7526464,7562552,7603045,7637281,7698327,7772778,7831448,7889795,7957808,8068944,8135561, ,0,0,0,0,0,0,0,0,0,0,0,0,0,0,0,0,0,0,0,0,0,0,0,0,0,0,961,2296,3589,4867,8052,10777,11282,13026,21309,25410,28448,25410,30494,31495,32651,33776,34486,34486,36269,40872,43097,47925,51747,53424,54630,56977,59243,61068,63325,64044,66642,69128,69917,72139,73144,75085,76198,78022,79436,81236,81478,82699,86695,86770,88121,99728,100439,100491,108613,113822,122171,131808,136803,137441,137441,138952,148656,152993,156447,159901,169045,171931,173347,187506,282852,296733,322466,349967,372967,386931,411957,426566,431013,437418,444125,463559,471724,496101,524329,536271,547350,569547,596816,610142,623435,625487,626523,627458,628673,632201,633343,640718,641368,643854,645238,648575,652781,658502,665631,668867,675979,682587,686710,693089,697998,702204,703838,707369,712583,717003,721834,727498,732853,735986,739709,745798,752520,758733,766294,780876,786350,794644,803955,811511,824241,844767,872007,887189,911369,930872,954782,972936,1001758,1050755,1078075,1109737,1137498,1164493,1188377,1225080,1269002,1291868,1332147,1332147,1362599,1362599,1410907,1439701,1462138,1486905,1528833,1548942,1576881,1602479,1625274,1644123,1667691,1688465,1702355,1722522,1753217,1775280,1797901,1812186,1834713,1856952,1884063,1915520,1931633,1943428,1959034,1985719,1998205,2023121,2052750,2069875,2094108,2122148,2146965,2173186,2191394,2191394,2291037,2344366,2397891,2459736,2517046,2607840,2717608,2773997,2822672,2876644,2951332,3006408
Bidar, ,464,198,718,177,699,0,0,1433,0,985,78,57,43,0,0,521,69,69,0,788,245,242,7829,8146,8670,8284,8374,8890,8578,9278,9329,9384,9384,9699,10611,10841,10974,10923,11443,11751,12105,12418,12890,12890,13658,14076,14666,14666,15724,17114,17114,18499,24834,27875,34699,36252,43223,48537,49798,55244,57315,59307,60057,61150,64420,66406,68063,69750,71657,79358,84123,89623,91460,93160,96910,106438,107854,115013,118843,121792,124027,124606,125262,125651,127815,133626,136784,138770,140411,141860,153606,155100,159661,161420,164104,166741,169770,173049,174413,176841,179534,182092,182984,185419,186089,186604,186977,188902,192620,192896,193086,193377,194740,197068,199584,201558,215164,217819,218296,219582,220423,223663,227764,232889,238131,241600,251322,257750,261401,271323,277272,284069,287563,294861,301633,304271,307075,310565,312251,315311,318955,323006,325401,328228,330597,334316,334986,356244,368658,377060,380086,388209,393161,395292,401105,410429,416682,420296,427678,433455,435258,439718,444225,448046,450839,454128,457893,459959,467421,467421,478255,478255,483044,485584,487442,492578,498123,501804,507369,510686,513787,517163,521166,524320,526714,529257,534891,542260,549013,554390,558624,562232,563647,569526,571812,575834,582710,589930,592004,593599,604580,608404,612600,623612,631948,635279,636534,636534,648155,652793,657543,663074,667703,679166,693106,709449,710366,728341,742549,754531, ,0,0,0,0,0,0,0,0,0,0,0,0,0,0,0,0,0,0,0,0,0,0,0,0,0,0,26,195,266,921,1341,1596,1596,2112,3435,3520,3773,3520,3823,3839,3863,3903,3968,3968,4267,4414,4759,4759,4995,5184,5184,5217,5656,5816,6053,6098,6291,6460,6469,6621,6810,6838,6901,6958,7045,7107,7180,7759,7736,7963,8144,8327,8412,8652,8959,9147,10429,9590,9847,10334,10342,10429,10557,10588,10995,15169,17912,19374,21041,23185,25416,26591,29617,30778,32409,34273,36414,38444,39356,41657,43916,46259,46962,49886,53859,56064,57290,61097,63707,64786,66712,67008,67332,67760,68016,68885,69175,69886,69962,70176,70353,70530,71375,71897,72332,72495,72799,73162,73312,73642,73874,74102,74222,74480,74995,75805,76339,76803,77090,77371,77646,78182,78712,79100,79410,80024,80188,81578,82114,82603,82816,83918,84513,84814,85568,86813,87432,87912,89193,90428,90956,92359,93664,94631,95383,96413,97642,98256,100756,100756,102280,102280,103687,104779,105607,107692,109949,111552,113776,115434,116865,118556,120919,122956,124252,125684,128150,129220,131516,132998,134386,135836,136320,138140,139019,140133,142074,144514,145417,146482,150625,151665,153611,157859,160743,162761,164879,164879,173232,177251,181114,185187,188910,197449,206948,197976,214841,206458,213170,217653
Chamarajanagara, ,198,158,349,34,368,0,0,406,0,543,28,342,0,0,0,236,516,654,0,283,253,172,5070,5139,5033,5139,5182,5184,5245,5297,5342,5490,5490,5746,6234,6407,6483,6413,6607,6713,6804,7143,7301,7301,7559,7629,8018,8038,8109,8607,8625,9009,10223,11927,15582,20940,26396,31237,34782,39914,45116,49184,54180,55790,58823,60577,64726,66151,68428,70963,73767,75317,76910,79438,83176,86402,89029,93124,96503,97688,98472,99062,102134,106053,111773,116251,117981,121842,123648,126190,126188,128339,130940,133148,135033,136513,138293,139946,140445,141075,141529,142186,142552,143512,143661,143683,143754,144555,145685,145769,145841,145992,146078,146317,146556,146964,151776,153171,153590,155236,156287,157939,159224,160757,163189,164524,166692,168645,170299,173909,178073,181787,183516,187289,191643,194604,196904,199562,201829,203517,206108,208749,210892,213120,214502,218511,219066,227071,245007,251226,256359,262165,265288,267741,269209,273763,274936,275338,275864,277378,278266,280634,283387,285389,287913,290579,291769,292257,294720,294720,298587,298587,299629,301129,302760,303155,305076,307220,309244,310041,310495,312158,314142,315283,316549,317785,321402,327867,335630,347505,352859,356842,358623,363779,367891,372384,381034,388221,390946,394625,399355,401728,407911,415735,420338,424225,426178,426178,436996,442668,449115,455012,459840,469978,484542,498376,510931,527799,544188,558408, ,0,0,0,0,0,0,0,0,0,0,0,0,0,0,0,0,0,0,0,0,0,0,0,0,0,0,209,348,660,662,907,1116,1116,1167,1231,1293,1441,1293,1523,1527,1530,1561,1583,1583,1910,2059,2257,2257,2291,2402,2408,2466,2741,2950,3115,3211,3355,3436,3436,3611,3714,3743,3838,3858,3908,3982,4022,4061,4145,4170,4250,4274,4343,4513,4539,4717,4823,5026,5112,5140,5331,5306,5552,5858,6346,7169,7427,8180,8839,9261,11326,12018,13043,14030,15080,15757,16767,17793,18062,18684,19155,19874,20392,22430,23393,23624,24143,25131,26945,27315,28267,28731,29255,29695,30197,30435,30489,31187,31237,31446,31689,32087,32300,32701,33148,33270,33547,34011,34362,34922,35230,35634,35812,36052,36669,37030,37357,37783,38081,38480,38854,39600,40479,41351,41628,42395,42576,43970,45723,46049,46787,47679,48136,48466,48822,48926,49174,49503,50116,50878,51306,52807,54232,55186,56130,57784,58823,59172,60755,60755,62161,62161,63399,64943,65971,67496,69841,72464,75227,76571,77563,79981,82372,83960,85176,86409,88848,90007,93478,96798,98414,99977,100703,102402,103147,104229,105890,107075,107528,108084,109374,109747,111218,112756,113718,114827,115131,115131,118312,120325,122374,124611,126063,129537,134077,137897,140825,144320,148202,151472
Chikkaballapura, ,2167,0,711,299,1184,0,0,760,0,247,0,203,0,0,0,82,425,95,0,816,653,239,9150,9382,9374,9433,9550,9559,9637,9647,9825,10001,10001,10063,10351,10428,10485,10515,10694,10854,11109,11204,11523,11523,12404,12675,13759,13770,15090,15090,15303,18063,22646,30491,36877,39894,47357,49672,53083,54983,58349,60278,62586,65032,65542,67667,69305,71028,73994,77706,81649,83020,85284,90680,94762,97918,105157,111632,118952,123555,126041,126817,130422,135587,142405,155128,162123,167463,171354,176223,178307,183292,190031,194690,197517,199707,202682,205480,206680,208458,209539,211119,211675,213733,214068,214133,214790,216032,218238,218421,218562,218591,218664,218952,219373,219777,228433,229557,229941,231286,232121,235040,237553,240142,243027,244261,246026,248769,250094,252723,256269,259741,260922,262122,264615,266865,268922,273110,275992,278110,280945,284996,286542,288840,290581,294906,295295,313074,339271,350253,358352,367065,372079,373371,377824,382849,386918,389700,394170,397594,398981,402663,405765,409268,411647,414879,416857,417851,421146,421146,425205,425205,427331,428923,430958,432607,434537,436833,440328,441716,443456,446635,450177,452196,453040,455221,458937,462795,470249,478404,481766,484854,485780,491159,494812,497278,500899,504074,505445,508272,511867,512925,517344,523331,525877,527518,527946,527946,532728,537648,542886,547432,551496,562520,574979,577216,588133,600474,617910,641385, ,0,0,0,0,0,0,0,0,0,0,0,0,0,0,0,0,0,0,0,0,0,0,0,0,0,0,202,232,298,310,2849,3973,3973,4163,4718,4883,5143,4950,5266,5284,5312,5318,5400,5400,5612,5660,5735,5735,5864,5864,5884,5946,6111,6251,6347,6399,6520,6568,6596,6616,6822,6893,6957,7016,7029,7102,7152,7215,7326,7396,7498,7542,7632,7792,7880,7946,8058,8138,8316,8352,8402,8453,8798,9482,10474,11946,12834,13792,14577,15299,17617,18753,20706,22144,23306,24239,25540,26804,27269,28610,29382,30586,31065,33984,36949,38033,39961,42187,45241,46355,47491,47844,48272,48766,48071,49396,49482,50018,50074,50380,50549,50858,51160,51324,51661,51810,52018,52430,52693,53132,53360,53877,54003,54277,55117,55695,56423,57067,57519,57860,58126,58943,59726,60357,61041,62338,62631,63621,65125,65828,66582,67381,68271,68752,70189,71259,72459,73406,74840,76125,76635,78308,79865,81016,81812,83946,85220,85916,87514,87514,89578,89578,91708,93643,95659,97697,99946,102451,105737,107231,108458,110944,113848,115668,116243,117806,120569,122419,127644,133485,135741,137534,138483,141987,144434,145525,148028,150031,151028,152728,155290,156302,158973,163817,165938,167701,168744,168744,172979,176068,179422,182856,186151,192726,200081,201237,205579,211615,218265,226014
Chikkamagaluru, ,98,552,517,394,850,0,0,609,0,491,209,113,0,0,0,369,1210,702,0,1003,768,587,9150,9503,9803,9514,9514,9532,9642,10060,10573,11051,11051,11589,12202,12269,12388,12324,12669,12910,13147,13411,13622,13622,15092,15537,17780,17780,21049,21049,21049,24601,26466,32664,33368,37704,40621,41455,45431,47592,50982,52455,54560,55705,55787,58508,60545,62880,66382,70627,75414,77531,82753,90251,95545,102626,109529,117069,120299,125205,126848,128968,134743,138525,142656,150122,152321,155968,158289,162671,165242,166468,168996,171584,174459,175771,179429,181099,181354,181428,181432,181436,181446,181557,181623,181647,181801,182561,184090,184108,184113,184901,185656,186317,187409,188963,193841,197342,198028,199301,200837,207224,212153,213502,214067,216173,222145,225205,226610,227718,229127,230879,231941,239790,248013,250049,252247,255897,258030,261264,263074,264240,268604,270967,272001,278732,280407,289609,297133,301282,305937,311519,313043,313747,318271,323103,325754,327622,329779,331120,331417,332553,333067,333272,334841,335643,336406,337145,338787,338787,340918,340918,341247,341406,341458,341653,341964,342143,342318,342468,343191,344975,346660,347405,348150,348476,348886,350560,357616,364099,364340,364819,365329,368283,370322,372230,373863,378035,379181,381621,388994,393547,394037,404299,408126,410787,411878,411878,422347,436470,442237,455553,467384,490081,508691,514770,532091,542540,565909,580377, ,0,0,0,0,0,0,0,0,0,0,0,0,0,0,0,0,0,0,0,0,0,0,0,0,0,0,441,489,923,1309,1642,2298,2298,2622,3249,3341,3623,3341,3632,3635,3647,3752,3896,3896,4374,4739,5454,5454,5907,5908,5908,6078,6379,6592,6799,6940,7189,7322,7471,7644,7891,8019,8130,8274,8312,8363,8443,8519,8405,8483,8554,8613,8699,9030,9430,9484,9712,9949,9970,10182,10247,10454,10991,11420,12083,13278,13812,14943,15435,16872,17666,18137,19543,21054,22553,23473,25832,26792,26966,27426,27715,27941,28743,33263,36203,38063,40270,43863,48570,49629,50520,50735,51292,51608,51852,52093,52123,52561,52667,52908,53139,53422,53643,53784,54023,54175,54496,54760,54909,55078,55209,55308,55388,55679,56089,56196,56319,56486,56583,56788,56856,56937,57835,58069,58142,59616,59782,61188,61839,62028,62907,63853,64019,64351,66568,68974,69659,69851,70406,74262,74427,78454,79002,81638,82904,83969,86866,88338,89993,89993,90785,90785,93503,96976,100932,104317,104547,109058,109820,109995,117741,121483,121928,122261,127535,128739,132631,134516,146612,149050,149386,152928,155371,157435,158672,159798,160919,163705,164887,165576,166349,167030,167135,169188,169793,170400,170692,170692,173972,177617,179355,182759,185651,190512,193243,194146,197725,199843,205757,209071
Chitradurga, ,4050,150,1033,267,806,0,0,325,0,169,0,304,257,0,0,0,626,498,0,931,475,420,12341,12636,12636,12636,12715,12802,12881,12881,12976,13021,13021,13389,13840,13854,13977,13866,14227,14542,14773,15126,15540,15540,17089,17332,19299,19299,21544,21860,21860,29707,36849,44389,53032,58606,65586,68966,72489,76953,79864,82807,84576,87828,87828,88949,92058,94035,96116,101275,104404,108376,115193,120517,125406,135595,139073,145487,150885,152679,154755,154755,157713,160975,167772,174788,177295,180686,181975,185480,186079,189883,191991,195046,196790,197300,200936,203590,203805,203953,204018,205658,206953,208269,209896,210205,211414,212926,215616,215970,216506,216664,216868,218087,220247,224006,254185,264974,265905,270344,273545,278723,283016,288658,292468,293732,296938,300852,303616,307784,312515,317712,318649,320789,324552,329920,332678,335444,338159,341571,346584,351526,355293,358398,359899,364796,367089,377896,393285,402875,410116,422951,430833,433989,440447,446969,451039,453063,457394,462978,464215,470475,475962,480689,482985,487173,490408,490970,495107,495107,504394,504394,508583,510960,512458,515870,519014,521023,524285,527213,528656,531359,533813,536949,539514,541398,546235,557416,561721,569350,577452,584571,588818,597487,599837,604429,609692,614373,615829,617468,620929,622317,629837,642214,647690,650742,651479,651479,656146,660301,666741,674875,681205,690198,699162,702062,707345,714094,726912,742109, ,0,0,0,0,0,0,0,0,0,0,0,0,0,0,0,0,0,0,0,0,0,0,0,0,0,0,235,3238,3664,3664,4399,4938,4938,6360,7103,7111,7777,7111,7793,7827,7846,7914,7943,7943,7977,8017,8110,8110,8237,8355,8355,8549,8670,8738,8925,8945,9270,9383,9423,9488,9564,9602,9716,9702,9702,9711,9799,9941,10238,10443,10480,10583,10691,10941,11048,11496,11680,12288,12557,12820,13229,13229,13463,14720,16681,20609,20953,22132,23004,23810,25701,27102,27945,29614,30439,30694,32725,34070,34177,34247,34315,38756,41179,45207,53274,54935,59192,62835,65905,68240,71033,71992,72425,72928,73449,74183,75314,76295,76425,76821,77273,77700,78035,78598,79016,79165,79521,80144,80445,81186,81507,82382,82953,83345,84366,85033,85507,86334,86570,86951,87619,88791,89686,90196,90649,91489,92215,93399,95388,96071,96859,98102,100940,103338,103979,105032,105840,106093,108193,110109,110819,112749,115035,116526,118060,120276,121366,121468,122754,122754,124206,124206,127137,128596,129387,131923,134441,135813,138085,140308,141965,144824,147767,150276,153156,154846,157902,158779,163466,168376,175192,180651,183944,187787,189719,191037,196345,203742,205561,208087,211739,212642,216772,225165,234937,241644,244130,244130,249894,253693,259921,265748,270159,276713,287280,290776,295015,300156,309222,318044
Dakshina Kannada, ,708,734,646,1189,2081,0,0,1573,0,919,1468,1504,0,0,0,1444,1768,1426,0,495,681,1663,28382,29422,29884,29620,29622,29845,30122,30816,31424,32360,32843,33245,34693,35756,36172,36211,36612,36835,37209,38206,40080,40427,41719,43190,46451,46834,49371,51102,53621,55090,56253,60496,66698,68883,75944,78530,78934,81475,87423,94037,95095,100745,105653,105918,107975,112827,117194,118772,126156,129806,131048,136758,143713,152654,158439,165918,171744,175242,183122,186524,191094,201615,206013,218923,223135,231172,236000,238212,248830,252058,259367,263963,270068,272018,276762,280244,280761,281167,281680,283674,284017,284375,284432,284449,284452,285429,287386,287858,288083,290167,292112,293734,294061,294176,295126,295570,295882,303303,306187,310085,313376,322844,328853,331153,337607,344673,352214,362059,374025,385337,388488,391906,401128,417089,420672,432718,439401,446615,453994,464195,480147,484184,487897,498525,502384,527450,558093,585571,606597,615634,624186,626489,651051,668423,679716,686915,700339,713626,717388,727144,738810,746185,750728,756616,765423,767663,780999,780999,785680,785680,795715,800973,806168,818644,844981,847505,854690,861490,866366,875930,886640,891816,894571,898646,902651,905674,928217,938875,944236,946625,952122,956549,957011,963051,969255,972917,977220,986069,992289,994696,1001384,1005602,1033242,1041886,1043698,1043698,1065143,1072958,1087334,1093280,1103374,1123151,1158140,1171582,1175794,1198052,1235291,1254752, ,0,0,0,0,0,0,0,0,0,0,0,0,0,0,0,0,0,0,0,0,0,0,0,0,0,0,198,506,971,1383,2277,3921,4812,5304,7656,9484,10508,10212,12620,12623,12646,13016,14307,14559,16377,17588,19071,20095,21803,22524,23169,23599,23783,24402,25464,25517,26136,26669,26787,27451,28041,28548,28785,29211,29443,29498,29677,29931,30459,30738,30994,31302,31376,32292,32906,33552,34079,34525,35213,35581,36195,36769,37453,38380,40018,44275,44568,46775,48201,49029,52339,53488,56699,59827,63567,64681,68730,70909,71165,71640,72325,76207,77107,77945,80008,80358,81397,88789,91067,91509,95894,96430,99354,100845,101115,101294,101308,107054,107084,107577,107685,107912,108245,109992,111207,111593,113275,113771,114019,115191,118654,122459,123363,124156,124875,125289,125479,125821,126059,126250,126663,127028,127912,128107,128415,129005,129119,130039,130863,131758,132389,133284,134089,134628,137819,140126,142593,144110,148248,160742,162150,167163,174056,179270,183626,187895,196035,198126,209914,209914,211140,211140,220936,225210,228110,234789,244374,245781,250929,253025,254496,260483,263680,266729,267745,269735,271110,271733,277288,281782,284397,286164,291398,294546,295028,298426,300617,302003,304746,308832,311898,312334,315983,319576,326458,330816,331894,331894,339772,342784,347496,351021,357441,366134,376426,379219,381261,387055,397590,404668
Davanagere, ,752,313,1324,329,2276,0,0,553,0,942,660,760,0,0,0,254,453,356,47,239,375,324,10690,10988,11921,11012,11056,11104,11203,11353,11620,12089,12270,12644,13628,13884,14205,13895,14460,14619,14976,15245,15578,15609,16203,16647,18198,18403,20958,23821,24175,26956,27843,29622,37001,40104,44170,48162,49707,54543,57477,60971,67030,69609,70803,75654,76794,78734,82317,83128,86207,92144,93830,100297,104380,112363,112894,117054,121082,123146,124891,125743,127306,132058,137825,147415,148703,152596,155099,158407,149697,156596,160467,164128,165702,165782,169933,171994,172096,172104,172105,173061,173335,173832,175231,176104,176599,177410,179424,179919,180147,180498,185076,192045,195534,196500,207143,211556,212073,214583,216102,219723,225204,232191,236559,238474,241425,244088,246184,250920,258016,270793,275602,278018,287145,293242,294994,301536,307379,312019,315452,324672,330109,332690,334633,342026,343154,356735,375105,384488,400261,417829,422999,426130,433474,439627,443798,445096,451517,461051,463619,472082,479277,485544,488726,492674,494864,495696,500680,500680,510229,510229,512818,514190,515639,520323,522697,524429,528954,530954,533607,537272,541225,543998,545338,549236,554592,561113,571694,580750,583601,586200,587491,592112,594678,599225,605147,607528,607713,609689,614140,618811,624745,633062,638088,642773,643973,643973,649730,655618,664554,673014,678965,691058,705386,699459,718298,721823,741628,754223, ,0,0,0,0,0,0,0,0,0,0,0,0,0,0,0,0,0,0,0,0,0,0,0,0,0,0,100,512,1549,1687,2741,3383,3397,4005,4957,5313,5591,5313,5630,5732,5744,5847,5991,5994,6184,6460,6619,6854,6960,7131,7168,7213,7359,7376,7645,7695,7855,8027,8051,8256,8495,8662,8791,8908,8957,9183,9259,9404,9615,9607,9701,10132,10172,10695,10868,11241,11250,11558,11857,11946,12284,12373,12588,14307,15659,16561,16901,18490,20120,20251,22549,23506,24868,26722,27292,27332,29405,30263,30310,30310,30310,34435,35342,37487,41835,43137,45524,48660,49624,50972,53778,54065,54352,54485,54592,56198,56598,57608,57626,57661,57690,57762,58255,59599,60406,60694,61206,61791,62779,63630,64781,65916,66252,66850,67498,68118,68248,68852,69407,69800,70196,71474,72409,72769,73558,75063,75320,77327,79114,79635,80300,81038,81253,81416,82233,82844,83199,83524,84937,87828,88906,91068,92738,93463,93887,96588,97537,97788,99536,99536,102407,102407,103614,104622,105485,108390,110674,111903,116494,118962,121289,123528,126264,127492,128323,129473,130702,131022,133267,137458,138784,140031,141005,143748,144936,146221,148590,150192,150519,151959,153722,155305,157531,160906,163267,165478,166069,166069,169930,173158,177437,181642,184319,189882,196554,209992,202208,219268,227809,233512
Dharwad, ,1714,174,478,286,520,0,744,699,40,995,375,684,308,0,0,311,946,1257,339,1064,857,330,15798,15990,16057,16127,16157,16239,16394,17020,17455,17904,18008,18241,19410,19596,19729,19640,20352,20932,21527,22201,22907,23216,24833,25597,26417,27796,28648,32422,32775,34165,38106,38526,46530,48373,52375,57840,59654,66851,70553,75570,79102,84070,86606,88475,88978,92372,95700,101258,107435,116314,119218,125703,129094,143074,147790,155952,161755,166113,168078,169414,174846,176698,178300,181446,183895,187701,190331,193727,199352,204043,207276,211488,214516,216701,219995,223204,223791,224547,224692,224952,225218,227774,228881,229146,229365,230370,233319,233703,233752,233834,234693,235687,236819,237553,242585,244650,245246,247035,248494,251537,253258,255695,258275,259759,262102,265879,269508,274906,278986,283944,286638,290081,297654,300829,305451,314183,318852,321802,325487,331182,334186,336910,340648,349971,351913,363105,392514,411530,431531,441524,452203,460564,467515,474281,480693,485300,491811,501170,511075,518372,523930,530585,536563,542761,548219,550627,558852,558852,570465,570465,580314,582705,587227,595885,602032,607570,612353,614255,615613,616388,621206,628158,633698,639221,647212,654509,664181,676159,681271,685869,688362,689320,697442,704801,711278,716211,716849,717245,725323,732649,740133,746810,752389,756098,759200,759200,775776,785001,794540,797891,806543,824266,840978,855001,868073,884336,904986,918363, ,0,0,0,0,0,0,0,0,0,0,0,0,0,0,0,0,0,0,0,0,0,0,0,0,0,0,185,2111,2724,3331,3886,4156,4163,4695,6080,6307,6672,6307,7353,7441,7547,7745,8284,8355,8774,9016,9131,9423,9519,10041,10098,10132,10587,10598,11137,11249,11491,12083,12119,12580,12777,12980,13136,13455,13528,13640,13665,13801,14061,14247,14303,14566,14533,14760,14953,15564,15708,16122,16489,16559,16767,16967,18258,18528,19225,20911,22264,23955,25771,27265,29925,31555,33627,36166,38560,40037,42285,44640,45082,47043,48318,49366,50068,54056,57254,58809,61091,63042,67664,68540,69143,69304,69419,69453,69475,69510,69554,69754,69782,69815,69874,70096,70177,70414,70880,71043,71141,71337,71468,71622,71692,71846,71910,72030,72246,72416,72642,73074,73448,73852,74286,75099,76037,76917,77574,78967,79446,80472,82271,83305,84494,85550,88107,89387,90589,91632,93479,95053,98417,102902,106419,108613,109638,112248,113774,116010,118191,119348,125506,125506,129322,129322,136464,138866,141344,145650,149364,152413,154779,157556,159417,160413,162810,165160,166298,168609,170683,173901,176966,179932,181360,184028,187500,189049,191029,192936,195168,197556,198779,199643,201842,203187,205292,207151,208812,210089,210925,210925,216641,219682,223421,225157,228119,233300,238372,241578,244768,248077,252376,255857
Gadag, ,646,30,437,42,493,0,39,164,0,83,76,377,138,0,0,81,829,331,129,907,918,730,7896,8056,8487,8448,8609,8928,9580,9840,10081,10135,10135,10187,10394,11818,11846,11825,12045,12207,12360,12592,12729,12729,13766,14720,16277,16291,18135,18906,19964,22701,25520,29886,30761,31911,36084,39039,41526,44485,47541,51464,54318,58058,60843,62693,67463,70947,73385,75972,82342,85498,87536,92498,96233,100339,102193,105736,107964,109946,110879,112139,114162,115592,116896,120396,121331,122801,123867,124702,124681,126266,128382,130195,131985,133636,135696,138176,138816,139347,139379,140045,140495,142329,142999,143134,143241,143741,146134,146491,146590,146680,146782,146957,147210,147563,156971,158875,159239,160648,161823,164572,166691,168586,170682,171520,173294,175722,177539,179611,184828,188614,189038,191137,193896,197544,199947,203367,205721,206633,208563,211305,213984,215805,216568,219308,220576,225797,236576,242227,244125,248551,250245,254025,258071,260293,262310,264665,267245,270742,273019,276362,279148,281059,283003,285486,288907,290261,294573,294573,298441,298441,302219,303880,305708,309776,313329,316805,320418,321432,321867,323838,325203,328839,330948,331537,334386,337650,342357,347435,349971,351268,353155,353984,358818,362955,364701,366038,366796,369019,371662,372429,373012,376582,380387,381486,382638,382638,387765,390257,393831,395767,399461,408029,419328,427630,434577,442568,450059,458116, ,0,0,0,0,0,0,0,0,0,0,0,0,0,0,0,0,0,0,0,0,0,0,0,0,0,0,589,1211,1476,1719,2094,2162,2162,2188,2334,2709,2929,2709,2983,2991,3018,3108,3275,3275,3509,3640,3829,3844,4140,4284,4330,4572,5203,5521,5716,5788,6050,6200,6221,6420,6760,7203,7243,7305,7393,7418,7801,8134,8279,8316,8460,8546,8607,8837,9003,9203,9316,9588,9768,10049,10273,10566,11126,11609,12311,14276,15567,17181,18709,19625,19433,20440,22041,23435,24957,26225,27515,29147,29501,29961,30057,30920,31455,34425,37102,38152,39151,40555,44502,45717,47005,47555,48060,48249,48505,48603,48650,48828,48860,48981,49143,49560,49759,50099,50481,50715,51037,51302,51508,51831,53158,56367,57591,57753,58157,58574,58938,59295,59555,60065,60385,60962,62092,62653,63292,64276,65558,67632,71996,72645,72750,73752,74333,75030,76405,77433,77964,78318,78589,79549,80931,81843,82208,82479,82892,83513,84163,84394,85239,85239,85584,85584,86707,87093,87662,90051,91490,93249,94685,95198,95403,96137,96979,98437,99738,100056,101177,101987,104648,107509,108709,109339,110213,111110,113448,115008,115634,117074,119056,121902,123857,124514,125097,126906,129680,130467,131525,131525,135292,137115,140250,141579,143268,147572,153592,156538,160246,162846,165163,170581
Hassan, ,713,73,958,74,1528,0,0,647,227,1470,402,331,179,0,0,1007,1442,1633,0,581,803,711,13566,13801,14223,14206,14261,14357,14398,14673,14954,15125,15125,15345,15781,16381,16685,16381,16913,17323,17673,18042,18400,18400,19505,20581,23446,23935,27809,29151,29151,33606,37049,39363,47852,54056,61952,64637,68438,73285,78347,82251,87178,89950,90295,92544,96251,99088,101767,102853,104777,107817,112599,117425,121441,130383,135025,146458,154528,159745,164065,166315,171072,176090,182564,202479,206540,212600,219449,224694,235402,240986,250600,258022,263157,265666,271707,277216,278641,280584,281643,284266,285182,286658,287358,287430,288293,289870,292206,292330,292460,292646,293540,295245,296910,297907,303801,307204,308292,312238,314714,320037,324034,328729,334019,336142,338767,341765,343352,349607,354403,358936,361029,365110,371707,374856,379352,383832,387327,390317,393874,399179,402136,405632,408693,413642,414978,429863,456357,471940,485844,493957,498758,503706,511307,516200,518801,520121,520827,525828,531041,537046,543577,548043,550621,554201,557722,558898,564646,564646,568500,568500,571800,573250,576663,579077,581468,584533,587920,589100,590462,592539,595847,598197,599740,602082,610229,618208,620228,622834,625730,628453,629468,635866,640714,645305,654499,661500,665981,672065,681513,688066,699618,715730,724879,730518,737674,737674,759889,770068,783570,800137,817398,838593,860710,870138,880930,901148,924456,945713, ,0,0,0,0,0,0,0,0,0,0,0,0,0,0,0,0,0,0,0,0,0,0,0,0,0,0,307,583,1515,1549,2878,2935,2935,3433,4341,4811,5240,4811,5365,5474,5568,5733,5903,5903,6283,7097,7560,7718,8086,8305,8305,8503,8891,9029,9551,9708,10085,10205,10357,10673,10810,11017,11323,11426,11440,11491,11665,11831,11930,12106,12209,12309,12561,12622,12865,14394,14759,15574,15987,16769,17198,17615,18924,20094,22091,26856,28002,30359,33624,36202,37493,39497,43175,45635,47410,48134,50354,52003,52428,53567,54125,56545,57190,60641,62951,63326,64718,65811,66544,68804,71460,71901,72403,72660,72949,73968,74367,76229,76377,76818,77047,77515,78266,78877,79418,79670,80561,81675,82435,83490,84390,85340,85657,86578,87432,88685,89628,90526,91198,91639,92119,92951,94165,94888,95576,96506,96804,98375,99697,100277,100852,101379,101708,101853,102737,103240,103402,103624,103724,106359,108160,110122,111859,113240,114017,117195,118893,119424,123591,123591,127406,127406,129861,134729,140150,142538,146887,152337,157963,160006,161232,165356,170665,172927,173777,176558,182691,187094,195305,200435,204107,207525,208430,211799,213444,215394,219032,221642,223263,224819,227789,229099,232416,236089,238211,240326,241724,241724,248489,252317,255837,260477,265024,270399,274790,276439,279271,284177,288116,293350
Haveri, ,780,138,692,0,334,0,0,518,0,534,0,104,0,0,0,0,691,103,0,12,514,261,6438,3757,6763,6763,6777,6830,6840,6932,6992,7323,7466,7614,8365,8423,8664,8476,8787,8927,9157,9416,9595,9595,9862,10008,10584,10639,10925,11608,11608,13726,15287,19929,20751,24284,27903,29389,31853,34832,38447,41502,44674,46411,47367,49724,51399,52209,55838,59838,65299,68343,71382,73871,76067,85713,87413,90645,93703,97151,98513,99433,101208,103416,103929,108037,108985,109606,111667,112786,117901,119428,121077,122083,124335,126366,127456,130257,130948,131596,131851,131900,132074,133755,133952,134079,134241,134922,137682,138115,138244,138323,138805,138952,139157,139289,141733,142334,142334,142670,142903,144360,145669,146907,148488,149301,150828,152907,154028,156284,157882,159518,160080,162097,167130,171412,174307,178306,181096,182712,185530,189039,190710,193525,195702,201359,204453,211649,222341,234161,242153,247657,250937,251967,260075,269250,273994,276033,281379,286835,289984,295358,299302,299943,304327,306666,312236,313838,318118,318118,323431,323431,327447,328293,328656,334311,336260,338859,345515,349702,351452,351916,357090,359126,365231,371657,383540,389409,402851,412130,413370,413483,417530,418470,428538,430134,430281,444162,450155,450729,462617,468351,475912,480547,495013,503201,505905,505905,533989,544040,557772,562883,578137,603324,624388,630062,653600,683331,707644,732271, ,0,0,0,0,0,0,0,0,0,0,0,0,0,0,0,0,0,0,0,0,0,0,0,0,0,0,150,604,1094,1286,1501,1988,2016,2196,2897,2943,3074,2943,3112,3131,3168,3252,3405,3405,3606,3650,3846,3853,3887,4095,4095,4244,4454,4715,4822,4949,5056,5138,5209,5373,5523,5659,5796,5888,5933,5964,6017,6162,6421,6367,6551,6567,6721,6937,7041,7264,7335,7464,7618,7756,7821,7975,8291,8707,8832,9708,10033,10236,10877,11227,12156,12660,13717,14463,15703,16834,17676,19294,19684,20024,20156,20190,20495,23495,24061,24631,25013,25543,27599,28133,28575,29246,29653,29814,29876,29916,29916,30840,31163,31430,31535,31600,31667,31811,32445,32728,33076,33308,33452,33682,33818,33944,34007,34246,34610,34852,35046,35673,36126,36330,37098,37824,38278,39214,39875,41403,42420,44114,45968,46946,47734,47999,48125,48162,49485,50312,50883,51070,51677,53336,54451,55847,56788,56956,59266,59696,61770,62149,64316,64316,65416,65416,68825,70194,70417,73564,74721,76341,78951,80283,80862,81074,84233,85445,87510,89627,92103,92664,96883,98808,99889,100213,102815,103517,105863,107480,108908,111707,112968,113603,115687,116511,117588,118676,120663,122252,122619,122619,125941,127150,128673,129840,132057,134554,136592,137325,139312,141664,144106,146617
Kalaburagi, ,1175,20,1166,23,1100,0,0,916,0,708,579,554,655,0,0,634,977,1721,296,442,755,738,13920,14216,14900,14226,14258,14521,14857,14964,15245,15319,15319,15577,16452,16772,16912,16822,17208,17579,18296,18929,19360,19360,20403,21082,22411,22411,24083,24284,24622,26108,29076,33184,34640,36591,41096,44054,48462,52228,56531,61892,64964,68684,72258,73521,75161,79109,82607,87960,94281,102562,108436,111753,117186,127428,129073,136740,143920,150901,152708,154864,156890,157263,161025,169378,169378,171707,174324,176954,178081,181895,186821,189555,192218,194840,198389,201587,202655,203612,203991,204897,206152,208928,210147,210736,210952,212270,215584,216236,216415,216839,218112,220049,221061,221947,226561,228090,228693,230787,233157,237672,241837,246306,251248,253683,257245,260252,262016,265574,271641,277189,279656,283335,288591,291816,293890,300264,307604,314129,318717,323472,326792,329702,333177,341406,344803,354871,380526,390762,397091,407801,415773,422297,429155,442192,452193,457396,465911,474569,482507,490670,502941,512246,519293,524772,531292,535372,548328,548328,567061,567061,577271,580934,586865,593724,605143,608045,612924,617779,624077,627270,633175,638228,642309,645352,650536,660575,665261,672769,681448,690832,700154,707973,712348,717470,724318,730180,732335,737672,743707,752354,760417,770569,780184,785625,788427,788427,800905,805625,811198,817250,821893,831627,848539,854545,859136,869182,890670,916317, ,0,0,0,0,0,0,0,0,0,0,0,0,0,0,0,0,0,0,0,0,0,0,0,0,0,0,256,1041,1989,2087,3013,3101,3101,3703,4489,5035,5519,5035,5638,5669,5864,6056,6329,6329,6840,7109,7695,7695,8041,8169,8257,8372,8787,9146,9347,9630,10046,10292,10540,10907,11060,11232,11402,11561,11681,11731,11758,11943,12024,12273,12520,12729,12908,13480,13848,14752,14887,15274,15868,16185,16694,17092,17488,17605,18022,23821,23821,24472,26472,27841,25791,27918,30519,32283,34278,36006,38201,40001,40550,41033,41257,42440,43774,46288,48008,48843,49167,50103,51707,52227,53445,54404,54653,54983,55440,56039,56379,56849,56889,57186,57417,57570,57923,58926,59606,59892,60318,60755,60997,61298,61527,61822,61981,62221,62744,63104,63493,63818,64238,64594,64817,65565,66081,66713,67171,68121,68481,69106,71157,72185,72921,74380,75876,77082,78317,80772,82340,83205,85364,88131,90674,93817,97318,99935,101982,105102,107799,109223,112874,112874,114662,114662,117485,118386,119930,122415,126077,127814,130572,133205,136290,137724,140130,143494,146248,148378,150876,152360,153749,155977,158507,161874,164627,167317,169822,171192,173604,176412,177734,180168,182719,186143,189027,192705,196634,199347,200841,200841,207550,210262,213427,216639,218693,223909,230573,232912,234881,237564,243929,249241
Kodagu, ,1254,59,654,90,125,0,0,891,0,512,232,108,25,0,0,0,44,36,0,0,309,299,5269,5462,5459,5462,5496,5534,5546,5647,5742,5827,5827,6013,6336,6450,6589,6528,6830,7054,7186,7357,7539,7539,8174,8346,9695,9695,11038,11091,11091,12802,13073,15548,15785,17458,19328,19911,21009,22951,25439,26246,28077,29486,29699,31475,32899,34540,35366,36167,38039,38657,40707,43545,46405,49090,51219,54216,55654,58526,59813,60250,61345,61937,63172,66667,68759,69818,70820,72636,73263,74288,77504,79855,82130,83423,85589,87323,87890,88309,88436,88896,89182,89382,89445,89494,89576,90460,91603,91807,91847,91882,91895,92521,93571,94048,96121,99032,100153,102765,103741,105769,108620,111151,113585,114304,116111,117109,119435,123307,126331,128370,129200,131864,134418,136114,137837,140136,141691,142689,144424,147083,149094,150654,151974,154243,154789,158847,165566,169282,173275,176999,179042,180125,181288,182732,183461,183890,184138,185844,186445,187549,188590,189552,191051,194415,194927,194931,196725,196725,198505,198505,199731,200480,201276,202980,204162,204362,205826,206319,206611,207158,208387,208970,209045,209906,212144,213414,216620,218453,219444,220670,220749,223378,224083,225894,227635,231893,233092,233536,237398,239437,243142,247153,248020,248820,251607,251607,257850,262737,269322,274886,281933,289435,300028,303528,308949,316017,322344,325830, ,0,0,0,0,0,0,0,0,0,0,0,0,0,0,0,0,0,0,0,0,0,0,0,0,0,0,1145,1263,1667,1744,1971,2067,2067,2682,3538,3776,3849,3776,3928,3952,3963,3968,3973,3973,4052,4089,4224,4224,4319,4333,4333,4426,4477,4562,4610,4671,4741,4787,4822,4909,4965,5017,5056,5107,5122,5142,5228,5294,5358,5404,5467,5506,5592,5701,5865,6052,6198,6377,6410,6592,6688,6734,6877,6993,7368,8265,8950,9607,10031,10960,11204,11549,13065,14694,15896,16331,17505,18314,18512,19003,19173,20763,21277,22027,23281,24147,24988,26824,28172,29101,30328,30493,30619,30687,30742,30767,30771,31353,31425,31555,31665,31834,32165,32372,32711,32795,33051,33304,33376,33509,33696,33756,33785,33921,34001,34116,34205,34357,34469,34513,34715,34907,35132,35277,35456,35622,35647,36103,36556,36950,37286,37700,38061,38124,38426,39090,39249,39437,39461,40451,40722,41586,42935,43381,45287,46875,47510,47562,50052,50052,51286,51286,52485,53749,54168,57328,59508,59687,63366,64894,65075,66317,68271,68457,68579,70053,73149,73472,75668,76205,77098,77946,79153,81163,81601,82200,82842,84281,84926,85042,87196,88111,89540,91252,91534,92132,93487,93487,96874,99303,102383,104755,107196,109677,112761,113650,115723,118076,120454,121845
Kolar, ,885,0,1235,412,1091,0,0,649,0,675,397,743,385,0,0,340,311,393,0,318,558,638,10907,11462,11805,11582,11753,11863,12040,12182,12342,12592,12592,12811,13260,13466,13714,13481,14008,14295,14516,14876,15181,15181,16062,16572,17688,17913,19614,20064,20064,21770,25976,29844,33137,37655,42869,44055,48179,53714,58822,65067,70030,74661,76595,80135,84385,87690,92229,95893,99975,102051,104912,107498,109943,117676,118484,124514,127501,129816,131207,131665,132761,133886,139936,145248,146592,149402,150861,153566,156813,160521,164579,167590,169726,171233,174842,176976,177764,178895,180267,183075,184456,185947,186485,186935,187578,189085,190363,191602,193865,194909,195518,196669,197379,198156,208839,214401,215622,223472,235890,257461,268374,285849,299823,308481,315721,325873,332882,353042,366118,371114,376224,391462,405493,413383,421385,427150,432254,437674,442834,447576,450043,453600,455730,461901,464268,475939,492897,499429,506388,516987,524187,526250,530090,533007,535428,536029,536292,541457,547121,551516,554406,557730,561285,563264,566343,568535,573057,573057,579774,579774,582942,585744,588922,590282,593496,596520,600997,602371,604946,606946,611535,613325,613525,616541,623125,631329,636768,643686,646705,650163,651993,658449,663233,666296,669484,674388,676528,680377,684239,686717,689198,693288,695360,697616,704597,704597,704928,708288,711759,715206,719009,723795,733735,741571,746497,753703,763239,771403, ,0,0,0,0,0,0,0,0,0,0,0,0,0,0,0,0,0,0,0,0,0,0,0,0,0,0,209,293,1236,1362,2358,3053,3053,3794,4776,5146,5774,5146,5888,5945,6110,6245,6485,6485,6599,6758,7017,7113,7401,7579,7579,7760,8277,8412,8662,8787,9084,9171,9293,9644,9945,10131,10302,10453,10510,10698,10785,10928,11055,11185,11342,11421,11534,11670,11760,12148,12185,12460,12550,12737,12835,12917,13254,13562,15730,17679,18208,19555,20384,22174,22669,24385,26472,28288,29481,30375,32369,33339,33583,34495,35222,37591,38493,40037,41324,41858,44179,47652,51298,53729,57711,58714,59273,59765,60685,62183,62444,63590,63658,63816,64068,64444,65244,66464,67360,67747,68653,69609,69989,70882,71559,72193,72410,72962,73792,74469,75028,75717,76235,76790,77284,78429,79387,80087,80531,81906,82408,83625,85085,85675,86537,88342,89477,89804,90623,91136,91882,92020,92053,94076,95839,97105,97836,98545,100256,101237,102864,103866,105336,105336,106969,106969,108918,110435,111905,112841,115329,117372,120237,121876,123565,124736,127676,128955,129109,130892,134824,137149,140361,143079,144430,145815,146706,149377,151026,152151,153418,155339,156119,158130,160419,161732,164268,168610,171694,175075,176506,176506,189144,195402,200779,207939,214626,224254,238357,249030,254884,261808,269551,276785
Koppal, ,1330,439,114,25,82,0,0,770,0,708,140,270,104,0,0,68,773,832,129,697,684,654,8294,8719,12625,8884,8998,9038,9038,9143,9191,9230,9230,9627,10551,10815,10846,10828,11027,11150,11245,11420,11547,11547,11920,12059,12170,12558,12973,13463,13709,15572,19749,28669,40953,45249,52504,55223,57805,62838,65501,70336,74501,78257,79121,81160,84745,86863,88134,90140,93633,98787,101080,110377,117684,122715,125877,129731,135244,138286,140992,141359,143913,145377,147263,151459,152427,155164,157997,159845,169558,172685,176316,178508,180914,182965,185555,187955,188527,189087,189509,189901,190488,192287,193490,193837,194254,195284,197459,197787,197942,198021,198239,198693,199376,200115,210448,212444,212747,214183,215442,217419,219632,222798,226282,227796,230167,232493,234323,236638,240634,246656,249682,257377,262589,267321,270320,275142,278832,281993,286512,290978,294272,296429,298168,302865,303603,310035,321773,330378,334515,340640,345803,347880,352871,357137,360922,362647,364850,367462,369100,373401,375915,378740,380425,382390,383913,384189,387862,387862,393031,393031,395810,396925,397486,399936,402848,404727,407826,409451,410766,412830,415039,416990,418879,420144,422204,425194,430503,436273,440914,450499,458469,463895,464848,468172,473815,478981,480894,482977,485261,486252,488255,490790,496414,502447,506048,506048,515020,518838,525503,531345,535984,547287,561097,564472,572300,584707,598415,610648, ,0,0,0,0,0,0,0,0,0,0,0,0,0,0,0,0,0,0,0,0,0,0,0,0,0,0,46,831,1056,1107,1241,1351,1351,1426,1748,1903,1977,1903,2172,2197,2209,2253,2324,2324,2639,2733,2876,3278,3523,3684,3706,3860,4195,4586,4931,5085,5040,5055,5110,5172,5244,5366,5468,5516,5569,5637,5752,5926,6054,6129,6222,6343,6363,6525,6634,6767,6874,7032,7115,7253,7478,7554,8182,8924,9920,11782,12228,13691,15829,17265,19054,20848,23304,24940,26723,28171,29978,31503,31845,32565,32907,33603,34315,37701,41204,42464,44878,46975,50217,50797,51631,51876,52137,52312,52495,52661,52811,53119,53142,53274,53465,53717,53866,54030,54228,54266,54411,54556,54698,54927,55169,55498,55725,56186,56670,57235,57679,58507,59245,59622,59959,60719,61251,61597,62096,63436,63779,64666,66086,66899,67338,68096,69391,69914,70957,71844,72206,72316,72966,74313,75322,77394,78927,80802,82032,83884,85085,85253,87408,87408,89003,89003,91142,92076,92664,94773,96860,98208,100380,101673,102741,104045,105930,107447,108777,109683,111021,111441,113964,116769,118982,123318,126532,128082,128688,129980,132146,133737,134452,135320,136699,137489,138876,141211,144744,148349,150543,150543,155451,157974,161981,165056,167556,172137,177638,179065,182669,187196,191620,195583
Mandya, ,1533,96,1473,164,1396,0,0,822,0,746,461,507,482,0,0,169,822,895,0,307,503,264,11861,12312,14360,12402,12469,12626,13036,13194,13149,14392,14452,14884,15672,15701,16308,16015,16906,17217,17533,17805,18143,18143,19273,19761,20890,21653,23648,25595,25602,29331,32888,41225,42870,48004,54496,58776,67815,72473,74604,75605,78184,84388,86392,87950,94185,99689,105829,114522,122259,128666,132019,139768,143526,157885,161795,175996,182933,186475,190778,191902,193837,197854,206012,219475,221225,224565,229282,234158,235914,238849,241267,244931,247630,248511,252316,254444,254626,254766,254868,257083,258314,259557,259928,259993,260993,262260,264380,264814,265016,265153,266415,268374,269972,271254,284508,286066,286829,289341,291646,295235,298130,302989,309020,310802,314505,319988,324208,328598,332032,342153,346027,350124,358210,363921,371785,377966,383310,389722,396915,402611,403066,407580,410192,413337,414003,446947,478123,494198,506698,512527,521859,523376,532065,535589,538890,540511,543590,549365,557230,562188,566443,570616,572725,576840,577485,581067,585994,585994,593872,593872,596920,600103,602362,604729,609463,617215,619545,621025,626397,627286,632078,632594,632614,636724,649292,671943,680006,684526,686944,689507,690562,702754,711956,714516,718622,723985,724019,733869,739314,755490,762136,767268,770871,780416,784318,784318,809260,816951,819453,833547,843907,875141,909488,920743,923626,932551,972550,993303, ,0,0,0,0,0,0,0,0,0,0,0,0,0,0,0,0,0,0,0,0,0,0,0,0,0,0,932,1405,2495,2698,3873,4036,4034,4929,6103,6311,7090,6491,7273,7352,7484,7578,7689,7689,8112,8274,8398,8471,8643,8687,8690,8822,8951,9130,9290,9399,9668,9813,10051,10310,10530,10617,10738,11075,11189,11215,11533,11805,12004,12165,12332,12491,12547,12717,12845,13239,13332,13906,14187,14397,14883,15053,15387,16110,17956,21459,21960,23317,26012,27965,29615,30795,31907,33885,35395,35802,37785,38735,38838,38948,39001,43632,45325,47295,51319,52173,58230,61193,62843,70133,74930,75225,75299,75337,75359,76115,76422,77325,77415,77498,77571,77621,78580,79929,81354,81974,82582,83214,83783,84437,84850,85682,85905,86392,87139,88110,88958,89795,90470,90786,91658,92924,93052,93366,93633,96787,97836,100751,103435,104437,105790,106284,107082,107155,107532,107702,107846,108876,109707,115199,117423,119294,120460,120958,121110,125193,125625,127050,128647,128647,132457,132457,136180,141108,144066,146863,152415,158075,159547,161466,164367,164764,168656,168940,168942,172980,181587,186707,189192,190099,192302,193548,195015,199477,201447,202158,203854,205891,206316,209689,211144,214361,215883,217564,218356,222124,223137,223137,231281,233559,234609,238822,241296,249397,258942,261539,262426,265086,278648,286185
Mysuru, ,2154,0,2485,664,2084,0,0,1449,0,1123,1238,949,432,0,0,487,1811,1250,30,1145,895,939,25466,26032,26865,26801,27058,27436,27783,28512,28710,28995,29450,29903,31856,32413,32858,32891,34256,35510,35848,38272,39721,39721,41022,42869,45085,45396,46231,51037,51037,53493,60987,62682,77726,81110,95224,106655,107593,118352,121899,128938,131145,139646,146394,146800,155550,157724,167013,169509,178879,193680,201355,218508,229641,271328,286235,305975,344835,364148,369737,374675,393644,412732,436417,476778,495145,501765,515304,533777,541487,554025,571453,581809,591423,599669,610371,619236,622752,629136,633610,638021,639224,644066,642639,646011,647254,649333,653822,654942,656102,656226,657025,658762,661096,663499,678149,683167,683841,687740,690926,695960,701017,708970,716571,719569,726863,737074,746289,757953,769080,780749,783443,787477,797189,806417,814267,822422,829396,833620,838696,846002,851099,856711,862059,875657,881154,901012,946007,979816,1001814,1019929,1036822,1041397,1047423,1056028,1065262,1069642,1077700,1088207,1093480,1103472,1117602,1128588,1133083,1142597,1147396,1151437,1160617,1160617,1180156,1180156,1190662,1197784,1206822,1211241,1219432,1227248,1232839,1236560,1240707,1245086,1251525,1254266,1255528,1261019,1273402,1292656,1303504,1315714,1326849,1337588,1342457,1361032,1369837,1379229,1392432,1408204,1411745,1423961,1435393,1437033,1447871,1464382,1473872,1485865,1489935,1489935,1501393,1513061,1529148,1544293,1558859,1578499,1605266,1617400,1634813,1658676,1688275,1711609, ,0,0,0,0,0,0,0,0,0,0,0,0,0,0,0,0,0,0,0,0,0,0,0,0,0,0,192,599,1460,2103,3098,5157,5555,6185,8650,10409,12313,11064,12889,12962,13007,13120,13562,13562,13832,14315,14432,14534,14614,16207,16207,16448,17339,17471,18628,18703,19514,20098,20221,20976,21239,21906,22119,22553,22785,22806,23281,23566,23980,24382,24757,25256,25484,26184,26862,28243,28400,28993,29919,30495,31613,31859,33268,35196,38915,46060,47431,50889,53769,57095,64998,68061,74626,79971,84901,88974,94000,98359,100369,105308,109316,113839,115533,123174,129172,131443,137127,142349,148053,150103,151709,151969,152454,152871,153318,153807,153924,155016,155261,155705,156153,156548,156813,157100,157432,157560,157808,158094,158303,158637,158916,159168,159269,159581,160171,160667,161005,161554,162327,162560,163157,164102,164837,165725,166785,169167,170749,172892,175143,176336,177934,179355,181717,182559,183703,184678,190152,192561,197214,205159,209874,220477,232149,239273,242558,253394,260040,265358,272761,272761,283848,283848,299854,313009,324989,330554,343692,354254,361394,369382,373957,383801,394243,398247,399780,407259,420110,424875,434909,442395,448877,455698,459530,469283,474027,477202,483766,490392,491968,497781,503058,503776,509734,518137,523042,528692,531172,531172,538934,546238,554408,562968,570338,580952,594599,599814,606849,615691,626315,634825
Raichur, ,1139,42,1307,69,1340,0,0,1140,73,469,144,163,197,0,0,182,1600,456,76,1072,612,333,11922,11990,11990,11990,11990,12001,12023,12072,12543,12558,12591,12744,13067,13227,13231,13310,13467,13735,14151,14801,15382,15457,16210,16501,16779,17523,18863,21131,21131,25239,25572,30107,33203,37926,42818,46157,48282,54415,55615,62722,68131,71415,74523,76734,83153,85681,89286,90669,97620,101734,108020,113050,118052,121504,124749,129325,131396,132428,133019,133453,134703,135024,135831,139219,142683,143954,146340,148354,153961,155920,158378,159793,161367,161934,163683,165491,165893,166558,167089,167535,167734,168400,168961,169399,169879,171034,173021,173223,173308,173379,173404,174081,174330,174737,181203,181754,181804,183067,183998,186905,188561,192151,196748,199749,202631,204611,205421,208746,217545,227372,230767,236053,244717,252512,259880,268581,275089,281151,286837,293237,296494,300018,303871,311777,313028,331277,353333,365965,370200,381272,387202,388139,392290,398599,404204,406553,410402,414847,416226,419968,424083,427341,430073,433327,436637,438656,443218,443218,448675,448675,453591,455818,456844,460233,465143,467206,471913,475488,478076,481426,485640,489337,492636,494443,502092,509868,517687,525649,530726,535130,540477,545657,547388,550530,555399,560497,562402,567391,571693,573595,576541,581964,588204,593132,594632,594632,602393,605565,610345,615799,620176,632625,647733,658241,668617,679193,695300,709320, ,0,0,0,0,0,0,0,0,0,0,0,0,0,0,0,0,0,0,0,0,0,0,0,0,0,0,277,982,2371,2439,3725,3894,3887,4235,5011,5223,5320,5223,5754,5754,5756,5806,5808,5875,6306,6583,6641,6948,7253,7658,7658,7767,8038,8121,8347,8385,8487,8565,8591,8658,8748,8784,8792,8831,8831,8865,8946,9035,9426,9632,9709,9952,10167,10353,10452,10761,10765,11221,11417,11571,11686,11776,12284,12710,12999,15017,15820,16304,17559,18953,22978,24359,26169,27162,29018,29447,30900,32096,32295,33004,33483,35485,35925,37477,39125,40018,42210,44028,45812,46324,48518,49420,51043,52010,52654,54053,54276,56818,57050,57618,57921,58605,58958,59678,60566,60796,61275,61878,62270,62778,63204,63905,64211,64793,65803,66723,67581,68626,69346,69960,70298,71297,72273,72978,73592,75695,76203,77360,78678,79878,80346,81624,82298,82567,82600,82908,83431,83740,85724,87596,88006,89167,90475,91546,92275,93023,93977,94438,96314,96314,97345,97345,99167,99874,100268,101948,105033,106038,108056,109668,110625,112352,114579,116372,117911,118867,122140,124228,127282,129906,131517,132792,134920,136561,137043,137764,139104,140643,141177,142449,143634,143941,144834,146173,148105,150467,151099,151099,154614,156253,158450,160578,162435,166805,171568,174264,177368,180983,186750,191101
Ramanagara, ,888,604,1753,541,670,0,0,694,0,56,77,11,6,0,0,137,152,66,0,644,246,135,7068,7096,7096,7096,7125,7135,7213,7330,7710,8322,8322,8940,9706,9762,9987,9806,10177,10318,10438,10527,10607,10607,11472,11662,12970,12970,14881,14881,14990,18380,19364,28158,33519,36250,42896,45867,48567,53345,56421,59472,62363,64562,64610,66611,68698,69768,72812,78672,86490,93228,96662,103912,112135,121689,123517,127821,130402,132049,133489,133822,135680,139124,145355,153894,156536,160709,164244,167397,168298,171231,174635,176741,178809,180001,182330,184018,184340,184890,185172,185743,186170,186820,187231,187324,187966,188970,190571,190648,190721,190746,191329,192807,194037,195013,206476,208308,208755,210473,211325,215534,219496,222679,226009,228134,231154,235452,238054,242827,250537,255946,258093,262348,268036,271395,275466,279509,283149,287736,291371,295778,299209,301835,302696,306398,307183,321662,335995,347749,357782,363639,366345,369356,373096,375783,376921,377916,382177,384973,387455,390692,393632,395579,397893,401011,402889,404306,408125,408125,413046,413046,415537,417887,420584,421232,422841,425276,427045,427467,428717,429760,431690,432501,432847,434195,437402,442356,450072,456609,457941,460148,461566,467649,470292,471643,474649,477062,477914,480914,483494,483849,487643,493427,495836,500750,502198,502198,510778,518820,524801,534382,541451,552334,567241,576105,586292,597100,609749,618065, ,0,0,0,0,0,0,0,0,0,0,0,0,0,0,0,0,0,0,0,0,0,0,0,0,0,0,190,437,678,795,2012,2149,2149,3471,4201,4385,4409,4385,4466,4479,4498,4605,4652,4652,4736,4771,4836,4836,4919,4919,4948,5002,5011,5108,5194,5239,5380,5508,5598,5822,5951,6114,6161,6377,6378,6436,6677,7553,7053,7189,7291,7449,7464,7562,7720,7939,7986,8127,8228,8336,8466,8501,8781,9590,10737,13226,13798,14819,15786,16720,17128,18104,19450,20323,21355,21999,23136,23969,24155,24684,24920,26805,27445,29642,32236,33225,35792,38154,40604,42576,45752,46673,47195,47540,47932,48857,49080,50588,50757,51143,51393,51690,51833,52145,52707,52903,53668,54496,55044,55828,56345,56777,56902,57157,58048,59191,60653,61980,63054,63601,64101,65538,66255,66850,67117,69486,70062,71026,72358,74670,76600,78192,78871,79377,80967,81832,83756,84587,88682,91349,93212,95237,98168,99537,99887,101763,102832,103911,105950,105950,108243,108243,113483,117540,121816,122454,126782,131406,134199,136009,138363,140530,144064,145628,146112,148231,152587,154587,158466,161363,162602,165208,167377,169838,170801,171855,174572,177119,178403,181030,183424,183893,186126,189614,191653,195568,196261,196261,203248,206699,209913,213608,216807,222360,229848,232972,236325,240610,244734,247348
Shivamogga, ,999,357,372,749,1856,0,0,1516,0,1213,490,315,95,0,0,674,1909,974,0,379,383,369,14156,14448,14677,14873,15048,15203,15404,16449,16720,17482,17482,17724,18911,19127,19480,19193,19949,20309,20937,21493,21988,21988,23153,23495,24043,24614,25315,26869,27241,28572,30353,33013,36452,39215,43168,45888,49521,52604,56076,60366,64388,68269,69671,72707,75395,78196,80875,81557,85590,91123,95964,100294,105066,116109,119933,129272,134884,141373,144930,145468,148812,151965,157841,172485,176330,182720,186716,192613,198026,204020,212360,217005,218942,219403,224651,227373,228504,230088,233174,234954,235383,235695,236009,236053,236186,237320,240199,240309,240537,241126,243728,246481,248523,249385,255763,260792,262070,265980,267734,269985,274469,277839,283882,286171,289451,291764,296220,303692,308983,317837,323138,328686,337728,342876,348201,357434,362022,368084,375101,384378,392034,396535,400060,406980,409667,422386,442785,447994,452565,466813,476783,479647,483678,490279,494968,498571,508469,515625,517920,523947,527923,531939,534804,538652,541587,543102,547444,547444,555132,555132,557924,559536,561278,563720,565655,566956,569067,570586,571886,574755,577221,579779,581408,583795,588178,594960,606966,616647,618761,621675,623024,626511,630481,635309,641580,644747,646136,647218,654891,656181,665249,671330,675191,677186,677637,677637,685656,691561,702012,709016,721714,743374,769891,779189,787619,798298,817892,825636, ,0,0,0,0,0,0,0,0,0,0,0,0,0,0,0,0,0,0,0,0,0,0,0,0,0,0,77,564,959,1738,2605,3450,3450,4098,6181,6538,7001,6538,7084,7132,7267,7623,7954,7954,8368,8521,8782,8967,9103,9452,9478,9629,9975,10283,10646,10794,11116,11387,11540,11863,12056,12328,12503,12811,12884,12997,13205,13400,13615,13656,13740,13945,14035,14177,14380,14612,14741,15021,15234,15466,15610,15646,15893,16406,17280,19125,19810,21146,22117,23337,24893,25970,28174,29512,30161,30370,32424,33457,33808,34527,37050,40045,40908,42825,45666,46894,47897,52700,55873,57813,62059,62470,62511,62535,62560,62965,63145,63483,63485,63502,63507,63546,64096,64639,65325,65919,66933,67545,68057,69168,69984,70576,70960,71322,72288,72938,73493,74069,74437,74688,75042,75447,76024,76392,76809,77403,77957,80217,81885,82400,82543,85200,86747,87016,87353,87885,89381,91019,94680,100213,101588,106102,108728,110825,112343,115902,118602,119164,122025,122025,124593,124593,127278,131878,136193,142946,147767,151364,155853,158801,160375,165236,169648,173953,175955,179741,183122,184451,189504,191824,192892,195000,196568,198567,200008,202416,205398,206989,207916,209146,212061,212731,215840,218302,220415,221300,221490,221490,227469,231252,235507,238477,243264,249595,256537,258706,261328,264766,270482,272469
Tumakuru, ,3185,4310,620,671,2174,0,0,1431,0,478,339,924,454,0,0,0,0,402,0,1306,1717,1760,23286,24267,24267,24267,24267,24267,24267,24267,24267,24267,24267,24434,24598,24602,24602,24661,25012,25543,26204,26889,27367,27367,32105,39791,45661,49108,58393,58426,58426,70878,81065,92665,94051,102834,109924,116725,121372,124572,129481,131004,133277,134083,134772,135467,137866,141842,145287,145997,148287,156635,160202,167782,178730,182625,187557,200407,209951,216807,220231,220868,223213,228002,242655,250361,257191,265374,273121,276419,286902,291038,299326,305893,310626,313051,321043,326540,327730,329178,330116,334372,335253,336206,336372,336535,336730,337971,340918,341233,341349,341391,348253,358296,366474,371627,383980,391996,394278,402426,406044,416024,422694,430864,438106,439896,443814,446797,449938,457782,468079,478484,483862,489870,497883,499762,514145,519645,534271,542390,546360,559452,563106,574545,576669,592692,600194,638942,656914,679657,697446,720187,722605,737521,750219,756454,761284,762551,763774,777729,789834,792859,798608,805221,808059,816500,819705,825437,827575,827575,839878,839878,841923,845041,853349,860559,865695,872188,879511,881043,885620,888023,895350,896980,897336,904250,915103,925718,938151,946683,952504,958922,959523,972955,985050,988677,992159,999520,1000916,1005047,1014221,1023196,1031318,1040587,1043740,1044746,1049146,1049146,1075257,1083673,1091217,1098756,1114819,1142033,1162105,1176460,1192982,1211861,1240198,1251274, ,0,0,0,0,0,0,0,0,0,0,0,0,0,0,0,0,0,0,0,0,0,0,0,0,0,0,243,764,8077,8077,9486,10898,10898,11409,12644,12667,13768,12667,13881,13939,13978,14015,14059,14059,14140,14411,14669,14976,15591,15591,15591,16339,17052,17668,17883,18139,18333,18532,18725,18580,18766,18870,18942,18964,18991,19009,19071,19227,19394,19529,19792,20139,20460,20948,22191,23206,24179,25851,26461,27530,27899,27968,28859,30519,34401,38220,40409,43778,47886,50151,55654,57419,61215,65049,67863,69058,73142,75646,76098,77046,77801,82219,82969,84521,86005,86958,88978,97382,103238,106480,109209,109546,109838,110057,110352,110675,110779,111236,111338,111529,111624,111886,112059,112364,112570,112691,112920,113056,113223,113577,113890,114301,114443,114667,115308,115502,116381,116860,118261,118916,119065,121874,122689,123990,124366,129112,131092,132970,133887,135032,135931,136890,137201,137952,140154,140677,141624,142139,142463,147519,152102,153125,156128,157146,157467,162318,163585,165965,167014,167014,173866,173866,174801,179569,184992,188458,194219,198808,203374,203991,207707,210323,215496,216413,216576,221052,227729,231567,238170,241274,245942,249299,249761,256420,259960,261757,263425,267787,268757,270930,274854,278219,282085,286550,288464,289276,291293,291293,305735,309887,312695,316674,325013,338090,346005,350516,356797,363683,373984,378041
Udupi, ,48,235,829,720,1615,0,0,1946,0,2009,1014,1119,577,0,0,67,1133,1568,0,132,1212,134,16713,17323,17620,17620,17651,17655,17751,18030,18170,18465,18465,19119,20148,20399,20764,20617,21264,21676,22190,22625,23048,23048,24252,25070,27969,28184,31103,33797,33768,36266,38918,42529,47502,51889,58492,60158,63085,67664,71857,74726,77274,79388,80128,82929,85575,89296,91659,94285,98052,102093,105901,111671,117848,123779,127250,133943,136772,140550,145161,147608,150217,153363,158412,165876,168102,172634,174874,176550,184146,184961,187321,188113,192848,194970,199178,201606,201838,202939,203196,203331,203358,203432,203465,203465,203675,204497,205870,205878,205913,205983,208351,209684,209684,210472,211444,215489,215561,218475,220606,230460,235645,242493,249949,251566,255376,258477,262575,270631,276055,280774,282205,284491,296752,301304,303853,312333,317029,319976,323523,329375,339080,343417,345352,349980,352587,367539,383172,394868,402592,405572,407676,409085,417529,428942,435079,437110,440815,445433,447988,453017,455830,459064,462168,464583,467159,468095,476101,476101,481715,481715,488369,491935,496797,513464,521920,522952,524667,525628,526943,531611,535660,539102,541227,542413,543903,544904,557852,570014,570650,571246,573933,575230,575635,579998,586125,595722,599182,600125,600665,600920,605313,617411,632461,635862,638033,638033,650160,654587,664743,667681,674596,694481,718534,722286,739489,758761,776747,788294, ,0,0,0,0,0,0,0,0,0,0,0,0,0,0,0,0,0,0,0,0,0,0,0,0,0,0,235,341,480,739,1607,2027,2027,3368,7278,8211,9200,8518,9231,9271,9311,9414,10399,10399,11995,12699,13628,13637,14016,14624,14716,14871,15290,15384,15760,15847,16297,16387,16503,16854,17108,17394,17605,17792,17966,18031,18969,19235,19397,19585,19711,19781,19854,20132,20413,20887,21220,22011,22257,22872,23658,24104,24745,25620,26941,29486,30268,32620,33760,34957,37405,37927,41030,41783,46718,48325,52065,53573,53780,55390,55741,55830,55950,56469,57314,57381,58510,60211,60828,60840,66389,67680,68093,68284,68592,68797,69046,73707,73707,74099,74270,74452,75258,78199,79303,79470,79750,79919,80828,84173,85682,86764,86812,87214,87990,88402,88666,89751,90020,90334,91768,92762,94057,94385,94527,95982,96145,98215,99769,101522,102640,103522,104886,105558,112818,114748,115719,116086,120824,129298,131297,139827,143064,147747,149666,151533,157111,157522,165097,165097,166264,166264,170558,172289,173180,175705,178061,179594,183080,183563,183836,188684,191179,192888,193631,193984,194151,194410,197713,200015,200442,200679,207027,208447,208564,212059,213294,217483,219488,220426,220616,220706,225153,229335,232562,234128,235656,235656,242890,246600,251483,253767,258545,266498,273598,274535,279679,285106,290912,295011
Uttara Kannada, ,1339,0,1583,0,1469,0,0,605,0,2144,0,809,0,0,0,0,1286,0,0,1192,0,789,13393,14104,14575,14432,14707,14766,14785,14785,14939,15144,15144,15456,16353,16466,16484,16604,16869,17330,17805,18368,19007,19075,21034,21641,24535,24753,27986,29568,29702,35176,35872,42264,43099,47581,52784,54163,59951,63454,69420,71180,74915,77376,77795,80799,83113,86929,89365,96082,108832,111747,117063,122470,130317,138479,146120,154600,157599,163280,165601,167678,170067,171327,172231,174185,176145,180298,184779,187856,193940,196502,199560,202168,205115,207245,209915,212004,212633,214109,215401,216514,216865,217750,217987,218035,218124,219400,222481,222663,222669,222669,222670,222883,223141,223484,226727,228096,229311,232105,233441,235892,236338,240263,243908,246364,249155,252289,254692,257384,260909,267891,271126,277470,290963,300991,310681,320005,326535,333484,338659,346505,349339,350987,353279,360848,362197,376726,404929,410850,417024,425787,428021,429460,434254,438522,440638,443372,444862,448052,449815,453221,455321,458092,459546,461635,462186,462260,465245,465245,469633,469633,470620,471069,471401,472354,473138,473669,476248,477890,478236,478777,480585,482433,483827,485319,492184,501749,512304,524757,527244,529951,531074,538396,541041,541851,542783,548214,551837,552274,561046,567074,577664,591821,599562,603126,611047,611047,635540,649702,671582,675304,687207,714621,727378,743555,761730,783259,805515,824489, ,0,0,0,0,0,0,0,0,0,0,0,0,0,0,0,0,0,0,0,0,0,0,0,0,0,0,108,1817,1924,1924,4497,5041,5041,5322,7329,7899,8836,7899,8902,8945,8960,9100,9250,9250,9656,9739,10239,10263,10957,11155,11161,11484,11617,12095,12333,12513,12762,12859,13025,13313,13617,13794,13984,14177,14212,14318,14563,14805,14919,15060,15386,15489,15741,16166,16799,17448,18115,18847,19149,19808,20050,20555,21129,21576,22121,23404,24957,27276,29780,32004,33242,34526,36443,38191,40058,41430,42977,44091,44577,45584,46643,47738,48442,50763,52410,53135,54453,55879,58318,59705,60902,61005,61155,61323,61610,61850,61866,62093,62101,62186,62293,62399,62633,62807,62887,63033,63216,63320,63366,63401,63437,63643,63844,64141,64633,65495,66110,66734,67291,67691,68373,69764,70475,70786,71265,73292,73862,75353,77497,77941,79230,81959,82493,83017,85182,85421,86021,86571,87070,89466,90325,93153,94521,98487,100203,104299,106513,106681,109682,109682,112782,112782,117394,118518,121813,125455,131456,133326,137567,140303,141001,142029,149547,152727,156433,161363,166157,167111,171280,175222,175982,178665,180938,185017,186018,186465,186972,191006,192619,193084,195908,196866,199423,201439,203146,203786,205145,205145,209848,212712,216038,217116,219955,225659,228300,231097,234988,240711,247099,252703
Vijayapura, ,2844,0,151,201,565,0,0,405,0,352,475,274,0,0,0,802,676,526,186,1522,1145,618,12389,13358,15550,13945,14003,14194,14441,14656,14923,15143,15167,15321,16186,16497,16550,16518,16780,17006,17298,17562,17848,17848,18475,19027,20672,20672,22343,23035,23141,26656,27801,32036,33552,35909,39971,43856,47343,52613,57664,66797,70772,79405,83284,85326,93569,104695,113336,118877,130603,132791,133854,139570,144255,154840,159997,165699,171658,175855,179316,179713,179939,180061,181925,188927,191416,196746,201114,203595,206405,209647,213195,215130,218003,220022,221378,223390,224468,225981,226319,226380,226486,230002,231811,232001,232503,233094,235523,236024,236107,236308,236481,237635,239708,242045,256457,259720,259840,261197,262264,264689,266570,269074,271886,273026,276162,279370,281207,284064,287095,290064,291402,294218,300225,305579,307399,311349,314645,317352,321706,327162,330254,333441,335718,342913,343846,351637,371125,395390,409086,419899,422213,424556,439257,449161,454937,458872,465565,475051,480035,488110,496325,498196,504778,513614,519254,520561,530088,530088,543048,543048,554245,557870,559630,569090,573222,578317,587645,595349,598257,599185,604655,608103,613934,617111,619547,625432,633741,647357,659422,666824,673422,678906,680163,684842,698973,705847,710816,715343,721116,726776,733352,746218,761944,776849,781312,781312,785959,795163,813385,824805,834062,849018,870025,883670,895527,906787,925826,943898, ,0,0,0,0,0,0,0,0,0,0,0,0,0,0,0,0,0,0,0,0,0,0,0,0,0,0,1718,2277,2277,2407,2864,3199,3199,3231,3400,4174,4467,4174,4477,4483,4552,4700,4829,4829,5188,5308,5663,5663,5868,6132,6176,6338,6787,7316,7783,8084,8730,9046,9191,9405,9532,9712,9803,9923,9950,9975,10042,10223,10312,10442,10498,10556,10587,10724,10857,11185,11233,11557,11804,11873,12116,12166,12246,12253,12323,13943,14445,15653,17029,18566,19988,21107,22690,23674,25080,26027,26744,27493,27965,28382,28595,28702,29055,34700,37340,37845,40942,43926,49435,51273,52369,54024,56568,58269,59292,59815,60162,61265,61567,62099,62593,63109,63489,64136,64802,65014,65447,65979,66487,66965,67542,68112,68383,69098,70500,71306,71715,72547,73248,73691,74230,75602,76461,77586,78373,79783,80190,81574,84500,87637,89017,90614,90959,91354,93892,95182,95544,95694,97039,100326,101854,104304,106061,106699,108649,111104,112379,112735,115466,115466,118057,118057,121438,122616,123235,126214,127480,129560,133196,135749,137060,137543,140908,143870,146166,147347,148571,149532,153364,157534,161346,164013,166165,167815,168283,169614,172114,174162,175541,177035,179096,180160,182142,185373,189137,192666,193677,193677,195692,199369,204941,208723,211632,216273,221236,223945,226173,228744,234310,238302
Yadgiri, ,339,0,342,0,569,0,0,626,0,699,0,15,0,0,0,229,528,23,93,444,325,184,5085,5179,5213,5213,5213,5299,5379,5412,5480,5536,5536,5604,5656,5683,5729,5692,5789,5835,5961,6032,6082,6082,6220,6325,6548,6726,7098,8392,9674,14560,20978,26017,31230,35007,36164,39661,44523,47229,49433,51358,52409,54690,57613,58511,60609,64443,67041,68957,72033,73991,75663,78169,80661,84449,85532,86818,90106,93132,94662,95038,95949,96717,97471,102198,103275,104258,105909,107208,104839,106714,109434,110957,112506,114258,115536,117304,117952,118132,118212,118502,119173,120684,121021,121109,121303,121719,122989,123589,123779,123890,124169,124775,125505,126197,132523,134136,134622,135578,136550,138284,140119,142597,145245,146308,147880,149594,150827,152604,156992,164940,168112,170053,172092,174417,176757,182624,186570,190935,194882,198507,200428,201948,203376,207283,209170,213729,223950,229492,233850,238346,242278,244556,247735,252072,255309,257449,260020,262728,264325,266461,269306,271669,273347,274979,277100,278861,282725,282725,286813,286813,289242,290576,291721,293184,296000,297180,298533,300071,301644,302820,304759,306671,308430,310070,311969,316175,318505,324146,328265,331571,334145,336349,337716,338981,342438,348392,351700,355136,359236,365410,370396,377323,382000,385739,387504,387504,395982,399131,404650,410454,415171,423651,436657,444068,449115,455307,466433,474304, ,0,0,0,0,0,0,0,0,0,0,0,0,0,0,0,0,0,0,0,0,0,0,0,0,0,0,318,441,494,524,957,1094,1094,1615,1981,2159,2337,2159,2356,2359,2366,2388,2409,2409,2571,2626,2856,2894,3003,3153,3221,3311,3405,3556,3672,3753,3765,3840,3919,3981,4004,4065,4085,4157,4242,4253,4261,4277,4330,4407,4441,4475,4489,4516,4550,4610,4621,4676,4799,4974,5185,5264,5636,5986,6716,9191,9565,10017,11452,12358,12434,13654,15511,16693,17929,19104,20029,21251,21545,21726,21844,22475,23308,25109,26463,27198,27772,28402,29856,30219,31265,31669,31855,32087,32226,32388,32846,33123,33194,33329,33585,33896,34086,34324,34757,34876,35023,35192,35378,35507,35665,35852,35949,36189,36960,37566,38306,39074,39361,39794,40108,40739,41286,41590,41773,42310,42537,42994,47529,48849,49435,51593,53886,54208,55167,55764,56074,56375,56804,57281,57575,57912,58234,58515,58788,59189,59825,60329,61293,61293,61770,61770,62680,63107,63513,64433,66189,66944,68279,69520,70705,71500,72666,73840,75060,75672,76752,77233,80377,86714,92617,97309,100313,102620,105062,106053,111727,118829,120243,121051,122041,123282,124538,125773,127025,128072,129128,129128,131297,132446,134210,136048,137217,139123,141863,143892,145784,147984,151144,155393
Karnataka,,38242,15223,34583,14108,42425,3669,2015,32277,435,30679,15809,17832,6064,140,270,11321,27825,22397,1758,25121,22623,18746,475166,486854,517185,496603,500414,505013,510606,521060,531664,542711,544663,554272,584529,596971,605842,601056,619995,635664,654012,682573,706132,707205,749378,797585,862243,893515,977494,1038083,1060908,1183761,1310479,1487289,1651257,1780329,1973506,2098377,2208958,2376335,2502352,2647742,2774112,2893464,2971694,3065043,3169377,3292111,3412352,3543077,3725441,3891247,4007021,4168197,4339725,4662805,4818432,5078585,5290525,5417461,5498612,5540692,5663172,5767653,5933824,6232574,6328328,6460695,6574004,6698000,7279369,7417335,7589855,7722969,7840778,7916819,8050816,8163958,8196516,8236712,8267715,8328241,8356452,8426383,8460603,8475758,8492968,8537247,8634492,8655176,8672653,8689064,8743488,8817984,8885303,8945032,9228610,9392960,9430633,9568199,9673728,9893180,10088517,10325304,10561755,10669784,10870011,11078745,11240830,11520403,11813304,12121843,12246836,12453124,12769175,13003715,13215347,13495171,13718903,13902876,14087663,14345470,14521255,14682587,14818765,15132111,15229682,15790282,16577163,17003213,17363581,17773661,18032657,18174492,18465557,18742466,18932211,19049344,19254376,19520656,19684543,19896462,20127282,20317050,20462938,20659958,20824894,20910673,21173916,21173916,21495148,21495148,21712979,21840205,21988590,22177207,22383748,22520849,22705747,22821954,22935311,23038399,23208356,23327848,23413995,23534615,23781298,24068139,24380313,24706404,24878612,25033132,25151137,25394713,25571902,25718122,25923692,26143614,26229620,26364760,26587616,26751247,26973819,27271286,27508055,27695581,27822540,27822540,28288036,28545778,28867535,29160322,29481599,30036685,30678728,30991550,31375216,31883838,32607043,33150799,0,0,0,0,0,0,0,0,0,0,0,0,0,0,0,0,0,0,0,0,0,0,0,0,0,0,0,10060,27475,52608,62149,94579,111935,113830,132039,172964,189433,206927,191775,215384,217653,220572,225314,233283,233809,247248,260092,272052,280732,293288,302459,304860,312994,324831,333887,345738,350295,360838,368948,372960,382380,389367,396782,402254,408584,412178,415887,421204,428739,438120,442535,448132,464646,468596,476534,492657,511205,527048,547896,561236,570634,579123,585930,611088,634074,671743,755300,789077,837819,886489,943817,1093367,1145873,1237515,1320892,1399300,1446305,1530866,1592018,1608713,1641501,1668313,1744554,1777751,1890303,2002338,2046015,2115571,2222325,2341697,2396806,2477180,2499079,2517099,2530724,2542408,2562973,2572151,2615045,2618850,2628997,2636589,2648585,2665137,2691291,2716334,2726385,2747564,2767502,2782160,2806870,2829642,2856137,2865908,2881462,2907688,2929356,2949168,2973804,2994425,3009307,3027065,3062523,3093868,3118969,3141351,3200255,3223213,3273182,3335670,3370303,3408896,3466107,3521679,3551271,3621228,3676155,3730107,3767875,3844600,4002814,4079943,4194895,4294746,4374586,4437273,4547882,4651303,4700256,4838127,4838127,4938757,4938757,5094020,5201032,5293430,5403899,5548744,5652705,5779415,5864885,5940582,6030256,6153097,6232224,6287037,6371235,6502684,6571876,6734459,6861882,6953161,7050321,7146416,7267241,7330212,7388422,7476414,7592461,7641784,7717011,7818197,7869486,7967125,8091086,8198205,8298787,8358487,8358487,8632478,8780104,8942964,9110386,9276024,9544806,9848705,9984601,10136324,10316455,10575752,10777551
